Name,OsmId,Kind,HeightCm,BaseCm,HeightSource,CentroidX,CentroidY,BoxX,BoxY,BoxLengthCm,BoxWidthCm,YawDeg,AreaM2,NumVerts,Outline
B00000,86337142,hotel,4000.0,0.0,tag:height,-16614.4,-2637.9,-16601.5,-2645.2,4098.3,3839.6,28.54,1546.75,10,-15717.9 19.4|-13967.7 -3200.7|-14885.0 -3699.0|-14809.5 -3856.1|-17482.4 -5309.5|-19038.3 -2453.3|-19104.9 -2176.3|-19053.8 -1885.8|-18947.2 -1757.5|-18795.1 -1652.7
B00001,160915057,yes,1200.0,0.0,estimate:default,13089.5,-21425.5,12907.6,-21430.2,5927.3,3004.1,29.2,1565.22,8,14762.0 -18673.3|16219.0 -21300.4|11053.1 -24187.0|9600.5 -21565.8|10627.7 -20992.3|11479.5 -22528.4|12525.6 -21944.0|11670.4 -20401.2
B00002,160921198,yes,12700.0,0.0,tag:height,13815.4,-21095.7,13805.3,-21076.6,2750.1,2403.3,299.06,603.34,12,14358.9 -19598.8|15409.5 -21491.3|14984.2 -21730.3|15095.2 -21928.8|13847.1 -22626.3|13736.0 -22425.4|13311.8 -22662.7|12259.0 -20767.7|12684.3 -20530.4|12515.5 -20225.5|13761.5 -19527.9|13932.5 -19837.0
B00003,160923101,yes,13300.0,0.0,tag:height,13836.1,-21132.9,13837.4,-21134.4,2140.9,2058.0,298.97,408.82,12,14293.4 -19833.6|15174.1 -21424.6|14748.8 -21661.9|14827.6 -21805.5|13880.4 -22334.1|13801.5 -22190.6|13377.3 -22427.9|12495.5 -20835.2|12918.6 -20599.6|12845.3 -20464.5|13789.2 -19937.5|13863.6 -20073.5
B00004,162977889,yes,4500.0,3700.0,tag:height,3713.9,7567.7,3924.9,7791.6,5376.9,3006.1,299.16,1267.06,8,3985.6 10532.6|3350.4 10174.5|5358.1 6629.3|6075.5 7022.0|6537.5 6170.7|3910.1 4733.4|1310.4 9392.5|3826.8 10815.5
B00005,162977891,yes,1500.0,0.0,tag:height,7933.1,9326.6,7901.9,9197.4,885.2,752.8,119.65,43.51,12,8442.0 8995.5|8243.2 8882.4|8149.9 9048.7|8034.5 8983.7|7947.8 9137.4|7829.0 9069.9|7749.1 9211.7|7639.1 9148.4|7560.3 9289.4|7451.5 9227.8|7357.1 9395.8|8010.0 9768.3
B00006,162977892,yes,3700.0,3300.0,tag:height,3717.7,7600.0,4048.9,7861.9,5378.8,3291.2,299.16,1279.95,8,4333.2 10729.3|3350.4 10174.5|5358.1 6629.3|6075.5 7022.0|6537.5 6170.7|3910.1 4733.4|1310.4 9392.5|4175.5 11012.3
B00007,162977894,yes,3300.0,2900.0,tag:height,3724.8,7633.4,4222.8,7959.9,5380.5,3690.4,299.16,1292.75,8,4680.8 10926.1|3350.4 10174.5|5358.1 6629.3|6075.5 7022.0|6537.5 6170.7|3910.1 4733.4|1310.4 9392.5|4523.1 11208.2
B00008,162977896,commercial,4500.0,0.0,tag:height,6727.9,10795.7,6698.9,10723.1,2972.2,1299.6,120.32,342.16,13,8010.0 9768.3|7251.6 9335.9|7122.8 9565.6|7043.9 9520.8|6940.6 9704.1|6875.1 9666.9|6768.5 9855.3|6620.8 9770.8|6223.3 10336.6|5541.4 11415.1|5829.1 11580.6|5679.1 11848.3|6517.6 12320.3
B00009,162977898,yes,2900.0,2500.0,tag:height,3735.1,7668.4,4396.6,8058.3,5383.0,4089.8,299.16,1305.68,8,5028.4 11122.9|3350.4 10174.5|5358.1 6629.3|6075.5 7022.0|6537.5 6170.7|3910.1 4733.4|1310.4 9392.5|4870.7 11404.9
B00010,162977901,yes,2500.0,0.0,tag:height,3747.2,7699.3,4556.9,8147.3,5382.2,4456.7,299.16,1316.62,8,5346.0 11305.3|3350.4 10174.5|5358.1 6629.3|6075.5 7022.0|6537.5 6170.7|3910.1 4733.4|1310.4 9392.5|5191.6 11583.1
B00011,162977905,yes,12200.0,0.0,tag:height,5696.3,8932.6,6041.7,9332.5,4117.8,3853.8,299.52,1130.04,9,5541.4 11415.1|5497.0 11144.8|6434.2 9608.7|8179.9 8679.7|8379.8 8796.2|8442.0 8995.5|8733.0 8490.5|5358.1 6629.3|3350.4 10174.5
B00012,162977914,yes,6000.0,5300.0,tag:height,4992.8,5877.7,4992.8,5877.7,2998.1,968.5,208.68,290.06,4,3910.1 4733.4|3448.1 5584.7|6075.5 7022.0|6537.5 6170.7
B00013,162977916,yes,5300.0,4500.0,tag:height,3800.0,7375.6,4004.9,7648.8,5049.1,3006.0,299.15,1172.71,6,3350.4 10174.5|5358.1 6629.3|6075.5 7022.0|6537.5 6170.7|3910.1 4733.4|1471.5 9105.4
B00014,162979253,yes,19300.0,0.0,tag:height,-16473.4,-2562.8,-16476.2,-2561.5,3459.2,2604.6,29.02,897.97,4,-14332.0 -2861.2|-17357.0 -4539.3|-18609.6 -2255.7|-15594.6 -590.3
B00015,218327129,yes,4000.0,0.0,tag:height,19534.8,-17696.8,19645.7,-17641.0,5846.4,3047.0,28.66,1676.6,8,22459.9 -17755.1|17811.4 -20379.9|16350.0 -17706.3|21040.6 -15208.2|21319.4 -15715.7|21763.6 -15450.6|22609.8 -16968.9|22161.2 -17220.6
B00016,260073224,yes,2500.0,0.0,tag:height,16102.3,21367.7,16104.1,21371.8,1526.7,386.6,29.03,58.05,4,16679.9 21900.0|16865.3 21573.2|15533.8 20834.3|15342.8 21170.4
B00017,265301692,yes,1200.0,0.0,estimate:default,13311.9,-2384.2,13319.2,-2377.0,2325.9,1849.9,29.05,424.6,6,11853.4 -2133.2|13721.2 -1108.0|13987.7 -1185.7|14700.7 -2473.5|14606.3 -2720.1|12756.2 -3747.8
B00018,265301698,yes,4960.0,0.0,tag:height,-8615.2,-1969.4,-8615.2,-1969.4,2985.9,1530.9,29.02,457.06,4,-10292.0 -2024.3|-7681.3 -576.0|-6938.3 -1914.5|-9549.1 -3362.9
B00019,265301700,yes,5180.0,0.0,tag:height,6129.1,3808.6,6125.8,3803.1,3759.2,2994.9,298.68,1120.91,4,6537.5 6170.7|8339.8 2875.5|5734.6 1446.6|3910.1 4733.4
B00020,265301703,yes,1250.0,0.0,tag:height,2426.7,-20667.0,2426.7,-20667.0,2321.4,640.6,299.08,148.69,4,1582.7 -19808.6|2142.4 -19497.0|3270.7 -21525.4|2711.0 -21837.1
B00021,265301704,yes,940.0,0.0,tag:height,2991.6,-20362.7,2993.6,-20352.0,2322.0,656.5,299.08,149.14,4,2142.4 -19497.0|2692.1 -19192.1|3844.8 -21207.0|3270.7 -21525.4
B00022,265301705,residential,1600.0,0.0,tag:height,4017.4,-18503.3,4016.4,-18509.5,4126.8,2972.9,299.06,1219.86,4,1714.8 -17428.0|4313.3 -15983.8|6311.2 -19594.8|3736.0 -21019.6
B00023,265301712,yes,2040.0,0.0,tag:height,8935.9,-16870.6,8936.2,-16870.6,2614.2,634.7,119.02,165.77,4,8024.6 -15881.5|8579.8 -15574.1|9846.9 -17860.1|9292.8 -18167.6
B00024,265301713,yes,1010.0,0.0,tag:height,11314.0,-21613.3,11314.6,-21613.0,1761.1,599.4,299.01,105.12,4,10627.7 -20992.3|11149.6 -20697.6|12000.3 -22237.1|11479.5 -22528.4
B00025,265301714,yes,2050.0,0.0,tag:height,9490.3,-16563.8,9490.0,-16563.7,2615.0,633.3,119.01,165.49,4,8579.8 -15574.1|9132.8 -15266.7|10401.1 -17553.6|9846.9 -17860.1
B00026,265301715,yes,1420.0,0.0,tag:height,11836.9,-21320.4,11835.4,-21319.1,1765.7,601.5,119.0,105.75,4,11149.6 -20697.6|11670.4 -20401.2|12525.6 -21944.0|12000.3 -22237.1
B00027,265301717,yes,2030.0,0.0,tag:height,9983.7,-16053.4,9983.8,-16053.4,3028.6,725.9,299.02,219.7,4,9567.0 -14554.0|11035.2 -17201.4|10401.1 -17553.6|8931.8 -14905.3
B00028,265301719,yes,1880.0,0.0,tag:height,10871.5,-16245.0,10871.8,-16245.2,1831.3,642.5,299.01,117.53,4,10146.7 -15600.3|10708.6 -15288.7|11595.9 -16890.6|11035.2 -17201.4
B00029,265301720,apartments,8500.0,0.0,tag:height,17311.5,-12010.2,17311.5,-12010.2,3021.2,1222.9,298.89,369.4,4,16046.7 -10983.4|17117.2 -10392.2|18576.4 -13037.1|17505.9 -13628.3
B00030,265301728,yes,2340.0,0.0,tag:height,-14629.0,-7618.8,-14629.0,-7618.8,2656.3,788.1,208.45,209.14,4,-15982.1 -7903.9|-13649.0 -6639.6|-13275.9 -7333.8|-15609.0 -8598.1
B00031,265301729,yes,1940.0,0.0,tag:height,-7038.3,-5013.4,-6963.9,-4941.8,2989.9,769.6,209.03,209.81,6,-8457.5 -5330.6|-6649.6 -4327.3|-6543.0 -4519.0|-5736.8 -4072.2|-5470.3 -4552.7|-8084.4 -6003.6
B00032,265301733,yes,4680.0,0.0,tag:height,-11648.7,-6320.5,-11648.8,-6320.7,3002.6,1331.7,208.51,399.75,4,-13285.9 -6452.1|-10647.4 -5019.0|-10012.2 -6189.4|-12649.6 -7621.8
B00033,265301736,yes,1540.0,0.0,tag:height,8610.3,5790.7,8616.7,5791.4,2833.4,754.6,28.67,211.89,4,7192.7 5442.8|9670.2 6797.3|10035.5 6149.6|7554.7 4780.7
B00034,265301761,yes,2700.0,0.0,tag:height,-14269.7,-8292.9,-14268.7,-8294.0,2660.7,742.5,208.45,196.42,4,-15609.0 -8598.1|-13275.9 -7333.8|-12926.1 -7981.5|-15261.4 -9254.2
B00035,265301763,yes,1750.0,0.0,tag:height,-407.3,-839.9,-407.4,-840.2,2698.5,538.7,209.02,145.25,4,-1717.9 -1259.2|641.9 49.8|902.8 -421.4|-1457.0 -1729.5
B00036,265301805,office,6140.0,0.0,tag:height,-13745.7,-9255.9,-13745.9,-9256.9,2660.4,1455.1,208.59,386.63,4,-15261.4 -9254.2|-12926.1 -7981.5|-12229.8 -9259.3|-14567.3 -10529.5
B00037,265301808,yes,4850.0,0.0,tag:height,152.1,-1844.9,144.9,-1835.8,2698.9,1739.7,29.0,461.63,8,-292.1 -1083.5|902.8 -421.4|1746.8 -1942.4|-613.0 -3250.5|-1457.0 -1729.5|-468.6 -1181.5|-283.2 -1515.9|-106.6 -1417.9
B00038,265301810,yes,7010.0,0.0,tag:height,7745.1,706.0,7745.1,706.0,2750.4,1913.1,208.41,526.05,4,8499.7 2201.6|9409.2 518.5|6990.5 -789.6|6081.1 893.5
B00039,265301823,yes,4960.0,0.0,tag:height,-18130.3,-10893.6,-18130.3,-10893.7,3006.3,1556.0,28.72,467.64,4,-19822.2 -10934.1|-17185.9 -9489.1|-16438.5 -10853.8|-19074.8 -12298.0
B00040,265301824,yes,1700.0,0.0,tag:height,-11181.8,-7179.9,-11181.7,-7179.8,3002.6,624.4,28.51,187.42,4,-12649.6 -7621.8|-10012.2 -6189.4|-9713.4 -6737.5|-12351.9 -8170.7
B00041,265301825,yes,4630.0,0.0,tag:height,2728.8,445.2,2713.5,442.9,2574.8,1321.8,29.0,336.35,6,1349.2 441.7|3519.1 1645.1|4159.9 489.0|1907.8 -759.2|1470.3 30.4|1551.4 75.2
B00042,265301826,yes,1740.0,0.0,tag:height,-10894.6,-7708.0,-10894.7,-7708.2,3002.6,578.2,208.51,173.54,4,-12351.9 -8170.7|-9713.4 -6737.5|-9438.0 -7245.9|-12075.4 -8678.2
B00043,265301827,yes,1730.0,0.0,tag:height,-4590.4,-2763.1,-4591.6,-2763.4,2616.9,802.2,208.98,209.39,4,-5928.9 -3048.7|-3641.3 -1778.5|-3252.6 -2480.3|-5542.5 -3747.1
B00044,265301828,yes,4550.0,0.0,tag:height,-13012.7,-10528.6,-13012.7,-10528.6,2733.9,1482.7,208.51,405.3,4,-14567.3 -10529.5|-12165.4 -9224.7|-11458.0 -10527.7|-13859.9 -11832.5
B00045,265301829,yes,1540.0,0.0,tag:height,752.2,-2931.2,752.3,-2931.1,2698.5,765.5,209.01,206.47,4,-613.0 -3250.5|1746.8 -1942.4|2117.7 -2611.2|-242.1 -3920.2
B00046,265301833,yes,4490.0,0.0,tag:height,-13902.8,-1588.4,-14330.6,-1665.6,4285.5,2914.8,118.5,866.75,6,-13967.7 -3200.7|-15717.9 19.4|-14072.1 912.9|-12027.7 -2852.8|-14588.5 -4243.7|-14885.0 -3699.0
B00047,265301834,yes,4620.0,0.0,tag:height,-17246.4,-12401.7,-17279.6,-12446.4,3005.9,1985.9,208.73,575.31,6,-19074.8 -12298.0|-16438.5 -10853.8|-15484.6 -12594.3|-17864.3 -13899.2|-18217.5 -13254.8|-18472.9 -13395.0
B00048,265301835,yes,4580.0,0.0,tag:height,-10177.6,-8746.6,-10177.6,-8746.6,2732.3,1931.6,208.51,527.73,4,-11838.9 -8549.9|-9438.0 -7245.9|-8516.3 -8943.4|-10917.2 -10247.3
B00049,265301837,yes,1940.0,0.0,tag:height,-4172.7,-3434.6,-4172.7,-3434.6,2699.7,779.9,208.96,210.53,4,-5542.5 -3747.1|-3180.4 -2439.8|-2802.9 -3122.1|-5164.9 -4429.4
B00050,265301838,yes,1080.0,0.0,tag:height,3183.2,-828.5,3183.2,-828.5,2987.1,1357.0,29.01,405.28,4,1548.0 -959.4|4159.9 489.0|4818.4 -697.6|2206.5 -2145.9
B00051,265301841,yes,5190.0,0.0,tag:height,-5176.6,-8190.7,-5184.0,-8187.4,2960.3,987.8,28.58,286.74,4,-6706.2 -8487.3|-4133.2 -7052.5|-3647.9 -7913.0|-6249.8 -9325.1
B00052,265301842,yes,6640.0,0.0,tag:height,1252.7,-3833.3,1252.8,-3833.5,2698.5,1298.7,209.02,350.33,4,-242.1 -3920.2|2117.7 -2611.2|2747.4 -3747.0|387.6 -5055.2
B00053,265301843,yes,2310.0,0.0,tag:height,8369.2,-448.8,8369.2,-448.8,2749.9,712.3,208.41,195.86,4,6990.5 -789.6|9409.2 518.5|9747.9 -108.1|7329.2 -1416.2
B00054,265301844,yes,2030.0,0.0,tag:height,-12493.8,-11417.0,-12493.5,-11416.6,2798.5,574.0,28.52,160.49,4,-13859.9 -11832.5|-11401.3 -10497.3|-11127.0 -11000.7|-13585.6 -12336.7
B00055,265301845,yes,1880.0,0.0,tag:height,8694.0,-1167.9,8791.1,-1070.6,2900.8,782.8,28.39,197.39,6,7329.2 -1416.2|8873.9 -581.0|8997.2 -809.0|10003.3 -264.3|10253.2 -725.4|7701.3 -2104.5
B00056,265301848,yes,1690.0,0.0,tag:height,3679.6,-1723.6,3679.6,-1723.6,2987.0,690.2,209.01,206.12,4,2206.5 -2145.9|4818.4 -697.6|5152.7 -1301.4|2540.8 -2749.7
B00057,265301849,yes,7730.0,0.0,tag:height,10661.3,1959.6,10613.8,1968.7,3019.3,1600.9,29.35,462.64,6,12318.7 2009.0|9690.1 531.2|8998.3 1761.6|9857.8 2244.7|9765.7 2410.2|11545.8 3391.5
B00058,265301853,yes,4410.0,0.0,tag:height,-12173.0,-12220.7,-12173.0,-12220.8,2593.3,1145.4,28.51,296.91,4,-13585.6 -12336.7|-11306.9 -11098.6|-10760.6 -12105.3|-13039.3 -13342.5
B00059,265301854,hotel,5120.0,0.0,tag:levels,-5109.9,-9132.9,-5109.9,-9132.9,2104.5,762.9,208.83,160.33,4,-4006.6 -8961.1|-5847.8 -9974.5|-6213.1 -9304.8|-4372.0 -8291.4
B00060,265301856,hotel,3000.0,0.0,estimate:type=hotel,2002.8,-4909.5,2002.0,-4909.1,1937.8,1310.5,29.02,253.16,4,842.9 -4802.7|2527.5 -3868.7|3167.1 -5012.1|1472.5 -5952.0
B00061,265301857,yes,7600.0,0.0,tag:height,9643.7,-3008.9,9713.2,-3006.6,3527.0,2658.8,298.96,830.62,12,7701.3 -2104.5|10033.3 -844.5|10720.7 -2114.6|10238.7 -2375.6|10868.4 -3540.1|11375.9 -3265.6|11724.6 -3909.1|9391.4 -5170.8|9126.0 -4681.0|9198.2 -4642.2|8098.8 -2607.8|8002.2 -2660.2
B00062,265301859,yes,890.0,0.0,tag:height,-9539.8,-9921.3,-9539.6,-9920.9,2732.5,742.0,28.52,202.63,4,-10917.2 -10247.3|-8516.3 -8943.4|-8162.0 -9594.5|-10562.9 -10899.3
B00063,265301861,yes,2360.0,0.0,tag:height,-3074.9,-5421.7,-3074.9,-5421.7,2702.2,782.6,208.96,211.46,4,-4446.4 -5733.4|-2082.2 -4425.2|-1703.5 -5110.1|-4067.7 -6418.3
B00064,265301862,yes,1690.0,0.0,tag:height,4004.4,-2309.7,4004.4,-2309.7,2986.8,650.0,29.01,194.12,4,2540.8 -2749.7|5152.7 -1301.4|5468.1 -1869.7|2856.2 -3318.0
B00065,265301867,yes,4450.0,0.0,tag:height,-16421.3,-13965.0,-16421.3,-13965.0,2961.1,1503.5,28.73,445.15,4,-18080.9 -14017.4|-15484.6 -12594.3|-14761.6 -13912.6|-17357.9 -15335.7
B00066,265301868,yes,1080.0,0.0,tag:height,-9137.0,-10968.5,-9137.0,-10968.5,3025.6,1484.0,28.51,448.97,4,-10820.5 -11038.7|-8162.0 -9594.5|-7453.5 -10898.4|-10112.0 -12342.6
B00067,265301870,yes,4710.0,0.0,tag:height,-2521.9,-6421.6,-2521.9,-6421.6,2702.1,1502.7,208.96,406.02,4,-4067.7 -6418.3|-1703.5 -5110.1|-976.1 -6425.0|-3340.3 -7733.1
B00068,265301871,yes,1670.0,0.0,tag:height,4332.4,-2901.6,4332.6,-2901.7,2987.0,703.7,209.01,210.08,4,2856.2 -3318.0|5468.1 -1869.7|5809.0 -2484.5|3197.1 -3933.7
B00069,265301873,yes,1660.0,0.0,tag:height,11404.7,879.4,11292.3,776.4,2997.2,1143.8,209.33,267.95,10,10214.3 826.8|12318.7 2009.0|12778.4 1177.2|11789.0 621.5|11883.4 452.6|11028.3 -27.9|10929.5 148.6|10167.7 -280.4|9997.8 21.1|10506.4 306.6
B00070,265301874,yes,4490.0,0.0,tag:height,-18533.1,-16759.4,-18533.2,-16759.4,2699.9,1918.8,28.78,517.89,4,-20177.4 -16567.9|-17812.1 -15269.0|-16888.2 -16950.4|-19254.6 -18250.2
B00071,265301876,yes,5800.0,0.0,tag:height,-11351.9,-13539.7,-11351.9,-13539.7,2778.2,1957.4,208.51,543.72,4,-13039.3 -13342.5|-10598.4 -12016.6|-9664.5 -13736.9|-12105.3 -15062.8
B00072,265301877,hotel,6080.0,0.0,tag:levels,-4666.6,-10019.8,-4623.5,-10024.7,2106.6,1268.8,208.83,254.66,6,-5847.8 -9974.5|-4006.6 -8961.1|-3495.8 -9896.8|-4015.5 -10182.2|-3917.7 -10360.4|-5240.3 -11088.4
B00073,265301880,yes,7360.0,0.0,tag:levels,-16125.0,-5408.4,-16123.2,-5409.1,2290.4,1473.5,208.59,336.27,4,-14772.8 -5512.2|-16776.2 -6599.9|-17481.3 -5310.4|-15470.2 -4214.2
B00074,265301882,yes,1720.0,0.0,tag:height,4656.0,-3484.5,4655.8,-3484.5,2987.0,630.4,29.01,188.17,4,3197.1 -3933.7|5809.0 -2484.5|6114.4 -3036.0|3502.5 -4484.3
B00075,265301883,yes,1710.0,0.0,tag:height,-8665.4,-11989.6,-8665.5,-11989.9,2661.7,761.1,208.52,202.46,4,-10016.5 -12291.1|-7677.9 -11020.0|-7314.7 -11688.9|-9653.4 -12959.1
B00076,265301885,yes,1690.0,0.0,tag:height,-2081.0,-7454.4,-2081.0,-7454.4,2930.5,731.6,28.96,214.4,4,-3540.2 -7843.8|-976.1 -6425.0|-621.8 -7065.1|-3186.0 -8483.9
B00077,265301886,yes,5050.0,0.0,tag:height,5374.8,-4378.3,5374.8,-4378.3,2595.8,1630.1,209.02,423.13,4,3844.5 -4295.1|6114.4 -3036.0|6905.0 -4461.5|4635.2 -5720.6
B00078,265301888,yes,5950.0,0.0,tag:height,11883.5,-236.1,11874.3,-278.0,3002.3,1669.8,29.34,424.17,16,11789.0 621.5|12778.4 1177.2|13525.8 -174.0|12669.6 -654.5|12591.9 -516.0|11737.9 -995.7|11873.4 -1236.3|11111.6 -1664.5|10800.6 -1109.7|10662.9 -1186.5|10376.4 -676.4|10508.6 -601.3|10289.8 -211.1|10929.5 148.6|11028.3 -27.9|11883.4 452.6
B00079,265301889,hotel,6690.0,0.0,tag:height,-3630.0,-11190.9,-3675.1,-11150.0,2028.7,1515.1,118.61,286.79,6,-2530.7 -11666.0|-3854.4 -12403.3|-4721.7 -10802.9|-3917.7 -10360.4|-4015.5 -10182.2|-3495.8 -9896.8
B00080,265301892,yes,2320.0,0.0,tag:height,-15905.5,-14905.3,-15905.7,-14905.2,2961.7,641.6,28.72,189.91,4,-17357.9 -15335.7|-14761.6 -13912.6|-14452.9 -14475.1|-17050.3 -15898.1
B00081,265301894,yes,1460.0,0.0,tag:height,-8301.1,-12660.8,-8301.1,-12660.7,2662.7,766.6,28.51,204.04,4,-9653.4 -12959.1|-7314.7 -11688.9|-6948.2 -12361.9|-9288.0 -13633.0
B00082,265301900,yes,4480.0,0.0,tag:height,-17651.5,-18363.9,-17651.6,-18364.1,2700.3,1743.2,208.78,470.51,4,-19254.6 -18250.2|-16888.2 -16950.4|-16048.6 -18478.1|-18415.0 -19777.1
B00083,265301901,yes,4550.0,0.0,tag:height,-10451.4,-15094.9,-10451.7,-15095.1,2680.4,1634.9,208.52,438.08,4,-12018.7 -15016.3|-9664.5 -13736.9|-8883.8 -15173.4|-11239.1 -16452.8
B00084,265301903,yes,1850.0,0.0,tag:height,3350.9,-7795.1,3404.7,-7796.5,2614.4,1179.1,209.0,292.34,6,1975.6 -7914.7|4262.1 -6647.0|4748.5 -7525.3|3955.6 -7965.3|4040.0 -8118.2|2547.5 -8945.8
B00085,265301905,yes,2300.0,0.0,tag:height,-15491.7,-15388.8,-15491.7,-15388.8,2700.5,603.6,208.74,162.99,4,-16820.4 -15773.1|-14452.9 -14475.1|-14163.1 -15004.6|-16530.6 -16302.6
B00086,265301908,yes,1760.0,0.0,tag:height,5783.9,-5484.5,5783.7,-5484.4,2954.5,702.3,29.0,207.37,4,4322.1 -5893.7|6905.0 -4461.5|7246.0 -5075.4|4661.9 -6507.7
B00087,265301909,yes,2370.0,0.0,tag:height,12537.1,-1227.7,12467.4,-1191.3,2834.4,1065.9,28.65,260.88,8,12669.6 -654.5|13525.8 -174.0|13966.6 -979.6|11479.2 -2338.4|11111.6 -1664.5|11873.4 -1236.3|11737.9 -995.7|12591.9 -516.0
B00088,265301912,yes,4620.0,0.0,tag:height,-2718.9,-12627.2,-2712.4,-12617.8,2959.3,1481.2,29.08,435.05,5,-1059.3 -12545.9|-3645.6 -13984.2|-4365.2 -12689.6|-2047.7 -11400.8|-1677.9 -11434.6
B00089,265301915,yes,1850.0,0.0,tag:height,-1136.7,-9214.3,-1142.3,-9217.7,2995.9,680.7,28.95,202.98,6,-2558.5 -9612.2|3.4 -8195.1|333.2 -8790.4|-2208.7 -10196.6|-2344.2 -10138.3|-2564.1 -9742.2
B00090,265301916,yes,1720.0,0.0,tag:height,6129.3,-6108.6,6129.7,-6108.8,2954.5,725.4,209.0,214.1,4,4661.9 -6507.7|7246.0 -5075.4|7596.9 -5708.8|5013.9 -7141.9
B00091,265301919,yes,6980.0,0.0,tag:height,-2008.8,-14126.3,-2008.6,-14126.4,2581.0,1839.7,209.08,474.71,4,-3583.4 -13949.6|-1328.0 -12695.4|-434.1 -14302.5|-2689.4 -15557.5
B00092,265301922,yes,1200.0,0.0,estimate:default,-12899.1,-4065.4,-12917.7,-4080.9,3093.6,1309.5,28.52,398.71,6,-14588.5 -4243.7|-11871.1 -2767.5|-11245.9 -3917.7|-13883.3 -5350.9|-14209.8 -4749.6|-14290.9 -4793.5
B00093,265301924,yes,2250.0,0.0,tag:height,-807.4,-9795.5,-815.4,-9800.4,2988.5,656.0,28.96,194.68,6,-2208.7 -10196.6|333.2 -8790.4|650.8 -9363.8|-1873.3 -10760.7|-2039.9 -10672.9|-2228.7 -10332.5
B00094,265301926,yes,1700.0,0.0,tag:height,6537.5,-6705.7,6537.5,-6705.7,2820.2,716.6,29.0,202.07,4,5130.5 -7076.0|7596.9 -5708.8|7944.5 -6335.4|5478.1 -7702.7
B00095,265301927,yes,1200.0,0.0,estimate:default,-8440.7,1692.5,-8675.5,1399.7,5887.8,4419.9,209.03,2261.97,12,-5029.4 896.0|-8696.3 -1139.2|-8905.0 -763.4|-9341.4 -1004.1|-10269.8 690.0|-10526.3 548.1|-10650.7 793.0|-10915.0 646.9|-10993.9 788.8|-11535.8 488.1|-12322.0 1903.5|-7173.8 4760.5
B00096,265301930,yes,1500.0,0.0,tag:height,-16926.4,-19286.3,-16926.4,-19286.3,3083.0,573.0,208.78,176.63,4,-18415.0 -19777.1|-15713.2 -18293.2|-15437.8 -18795.6|-18139.6 -20279.5
B00097,265301931,yes,1390.0,0.0,tag:height,-9916.0,-16080.8,-9916.0,-16080.8,2680.5,609.4,28.51,163.34,4,-11239.1 -16452.8|-8883.8 -15173.4|-8592.8 -15708.8|-10948.1 -16988.3
B00098,265301939,yes,4530.0,0.0,tag:height,-16305.6,-20745.7,-16195.0,-20701.5,3002.8,2613.2,28.77,601.37,14,-16590.5 -19428.2|-15507.8 -18833.6|-15252.3 -19299.0|-15517.7 -19444.2|-14516.0 -21269.2|-15338.9 -21721.9|-15674.3 -21112.2|-16333.9 -21474.5|-15998.5 -22084.2|-16881.3 -22569.0|-18139.6 -20279.5|-17256.8 -19793.9|-16828.1 -20574.2|-16161.8 -20208.5
B00099,265301941,yes,1750.0,0.0,tag:height,12466.5,-7270.9,12424.9,-7239.3,3302.3,769.9,28.89,222.12,6,13454.7 -6231.5|13684.6 -6104.8|14056.6 -6778.7|11168.3 -8372.3|10845.1 -7793.8|13504.7 -6321.8
B00100,265301944,yes,3730.0,0.0,tag:height,-209.7,6843.9,-257.8,6876.1,3098.6,1568.6,119.0,466.46,6,-1119.3 7454.4|-1422.5 8001.7|-323.1 8611.4|1179.4 5901.4|-192.1 5141.3|-1391.4 7303.3
B00101,265301952,yes,1340.0,0.0,tag:height,-1418.4,-15186.7,-1418.8,-15186.6,2581.6,588.7,29.07,151.8,4,-2689.4 -15557.5|-434.1 -14302.5|-147.5 -14816.8|-2404.0 -16070.9
B00102,265301954,yes,1610.0,0.0,tag:height,-14315.1,-17622.7,-14314.8,-17622.7,2783.4,505.0,208.73,140.45,4,-15656.6 -18070.2|-13215.8 -16732.4|-12973.7 -17174.9|-15413.4 -18512.7
B00103,265301955,yes,1200.0,0.0,estimate:default,-6071.6,-15873.3,-6071.4,-15873.4,2990.0,1157.1,208.61,345.47,4,-7657.8 -16079.5|-5035.9 -14649.7|-4485.1 -15666.5|-7106.9 -17097.1
B00104,265301956,yes,1560.0,0.0,tag:height,-1029.1,-15681.1,-1007.6,-15674.5,2906.4,662.9,209.09,189.46,6,-2438.5 -16091.2|101.2 -14678.3|368.8 -15159.7|120.1 -15298.2|174.5 -15396.1|-2116.4 -16670.5
B00105,265301958,yes,570.0,0.0,tag:height,12884.6,-8583.7,12885.6,-8583.0,2803.0,664.3,28.89,185.94,4,11498.1 -8969.3|13946.7 -7618.1|14273.2 -8196.6|11820.1 -9550.3
B00106,265301959,yes,4690.0,0.0,tag:height,1175.8,-13076.6,1166.7,-13064.0,3232.5,2680.2,298.95,857.84,8,123.4 -11812.9|1564.8 -11015.7|3121.7 -13829.5|776.4 -15126.7|-788.3 -12298.5|-287.5 -12021.5|-227.6 -12130.4|175.6 -11907.5
B00107,265301960,yes,6620.0,0.0,tag:height,5574.9,-11723.7,5591.5,-11687.5,2666.5,1602.8,29.01,413.22,6,4041.2 -11638.9|5851.3 -10627.1|5961.2 -10823.9|6477.6 -10536.8|7146.1 -11741.9|4814.1 -13034.8
B00108,265301962,yes,1770.0,0.0,tag:height,13436.4,-9067.3,13436.4,-9067.3,3297.1,716.0,28.89,236.03,4,11820.1 -9550.3|14706.3 -7957.6|15052.8 -8584.2|12166.6 -10176.9
B00109,265301964,yes,4630.0,0.0,tag:height,-7871.7,-3718.8,-7871.7,-3718.8,2588.4,2250.2,209.03,582.41,4,-7285.9 -2107.1|-6194.3 -4074.8|-8457.5 -5330.6|-9549.1 -3362.9
B00110,265301968,yes,6090.0,0.0,tag:height,14233.7,-10509.7,14233.2,-10510.1,3296.6,2580.7,28.9,850.36,4,15052.8 -8584.2|16299.9 -10843.2|13415.9 -12435.1|12166.6 -10176.9
B00111,265301969,yes,1810.0,0.0,tag:height,8215.4,-9917.2,8215.1,-9917.2,3000.5,645.2,29.01,193.48,4,6747.4 -10362.8|9370.4 -8907.7|9683.5 -9471.8|7059.5 -10926.9
B00112,265301972,yes,4510.0,0.0,tag:height,-7884.8,-19820.3,-7884.8,-19820.3,2680.5,1781.9,28.51,477.62,4,-9487.8 -19677.2|-7132.5 -18397.7|-6281.8 -19963.4|-8637.1 -21242.9
B00113,265301973,yes,6220.0,0.0,tag:height,8596.0,-10721.7,8596.0,-10721.9,3114.5,1132.1,209.0,352.47,4,6959.5 -10981.8|9683.5 -9471.8|10232.1 -10461.6|7509.2 -11971.5
B00114,265301975,yes,4770.0,0.0,tag:height,15265.9,-6142.6,15266.0,-6142.4,2732.4,1594.5,28.9,435.56,4,13684.6 -6104.8|16076.6 -4784.8|16847.3 -6179.9|14455.3 -7500.7
B00115,265301976,yes,1700.0,0.0,tag:height,6153.3,-12614.2,6153.3,-12614.2,2582.9,563.1,29.01,145.42,4,4887.4 -12994.3|7146.1 -11741.9|7419.3 -12234.2|5160.6 -13486.6
B00116,265301979,yes,1880.0,0.0,tag:height,9007.8,-11463.5,9007.5,-11463.5,3114.5,565.1,29.0,175.88,4,7509.2 -11971.5|10232.1 -10461.6|10506.4 -10955.6|7782.4 -12465.6
B00117,265301981,yes,4960.0,0.0,tag:height,6585.0,-13607.3,6585.1,-13607.5,2791.1,1592.7,209.01,444.38,4,4978.5 -13588.0|7419.3 -12234.2|8191.1 -13626.7|5751.4 -14980.5
B00118,265301982,yes,1700.0,0.0,tag:height,-12778.7,-20659.4,-12778.7,-20659.4,2892.9,653.9,208.74,189.15,4,-14204.0 -21068.2|-11667.7 -19677.2|-11353.4 -20250.6|-13889.7 -21641.6
B00119,265301984,yes,770.0,0.0,tag:height,2086.8,-14727.2,2086.8,-14727.2,2680.3,569.3,208.95,152.58,4,776.4 -15126.7|3121.7 -13829.5|3397.1 -14327.8|1051.8 -15625.0
B00120,265301986,yes,1800.0,0.0,tag:height,9638.1,-12130.7,9638.1,-12130.7,2658.8,1213.8,29.0,322.69,4,8181.1 -12244.3|10506.4 -10955.6|11095.0 -12017.1|8769.7 -13305.8
B00121,265301988,yes,1020.0,0.0,tag:height,885.4,-19006.8,885.8,-19006.8,2977.0,753.8,209.08,224.29,4,-598.3 -19400.8|2003.5 -17954.1|2368.9 -18612.8|-231.8 -20059.5
B00122,265301991,yes,1640.0,0.0,tag:height,2377.2,-15252.5,2377.2,-15252.5,2680.2,631.1,208.95,169.15,4,1051.8 -15625.0|3397.1 -14327.8|3702.5 -14880.1|1357.2 -16177.3
B00123,265301993,yes,1660.0,0.0,tag:height,1230.0,-19625.7,1230.0,-19625.6,2977.0,663.4,29.08,197.37,4,-231.8 -20059.5|2368.9 -18612.8|2692.1 -19192.1|90.2 -20638.8
B00124,265301995,hotel,12400.0,0.0,tag:height,-4249.6,-20326.8,-4299.1,-20399.0,2540.3,1822.3,28.37,430.0,6,-5846.5 -20199.8|-3614.4 -18993.8|-2753.7 -20600.0|-4607.1 -21600.8|-4960.3 -20941.3|-5338.9 -21146.5
B00125,265302002,yes,1830.0,0.0,tag:height,947.4,-20528.0,947.5,-20527.8,1606.4,639.7,29.1,102.69,4,90.2 -20638.8|1493.9 -19858.4|1804.8 -20416.6|401.2 -21197.8
B00126,265302004,yes,6540.0,0.0,tag:height,16176.5,-7790.7,16176.7,-7790.1,2735.7,2171.7,28.89,593.64,4,14455.3 -7500.7|16847.3 -6179.9|17898.9 -8080.0|15503.6 -9401.7
B00127,265302011,yes,1810.0,0.0,tag:height,10782.8,-14175.5,10783.0,-14175.6,2495.2,658.2,209.0,164.14,4,9532.6 -14492.3|11714.7 -13283.0|12033.4 -13858.1|9851.3 -15068.3
B00128,265302016,yes,1840.0,0.0,tag:height,11090.3,-14729.3,11090.0,-14729.4,2495.2,609.3,209.0,151.92,4,9851.3 -15068.3|12033.4 -13858.1|12328.8 -14390.9|10146.7 -15600.3
B00129,265302020,yes,5800.0,0.0,tag:height,-15055.2,-6531.1,-15070.6,-6544.7,3050.6,1531.7,208.49,460.4,4,-16776.2 -6599.9|-14095.4 -5144.0|-13364.7 -6490.1|-15982.1 -7903.9
B00130,265302028,yes,6620.0,0.0,tag:height,17099.3,-9461.4,17099.4,-9461.2,2736.5,1646.8,28.9,450.46,4,15503.6 -9401.7|17898.9 -8080.0|18695.2 -9520.7|16299.9 -10843.2
B00131,265302040,yes,3660.0,0.0,tag:height,-12265.5,-5184.9,-12265.8,-5184.8,3002.6,1253.4,28.51,376.21,4,-13883.3 -5350.9|-11245.9 -3917.7|-10647.4 -5019.0|-13285.9 -6452.1
B00132,265302042,yes,4700.0,0.0,tag:height,-5692.5,-1247.8,-5797.9,-1253.0,3431.3,3012.8,29.02,972.64,6,-7681.3 -576.0|-5029.4 896.0|-3566.9 -1738.0|-6567.4 -3402.5|-7285.9 -2107.1|-6938.3 -1914.5
B00133,265302043,yes,8870.0,0.0,tag:height,8031.4,7003.5,8033.3,7005.1,2672.9,1935.3,208.67,516.24,4,6396.5 7212.8|8733.0 8490.5|9670.2 6797.3|7324.8 5515.4
B00134,265302050,yes,1790.0,0.0,tag:height,12776.9,-7874.1,12777.2,-7874.1,3298.8,682.1,208.89,224.89,4,11168.3 -8372.3|14056.6 -6778.7|14385.3 -7375.7|11498.1 -8969.3
B00135,265302060,parking,1150.0,0.0,tag:height,-20394.0,-11228.1,-19720.0,-11203.1,5948.0,3588.4,208.73,1524.32,6,-23190.3 -11059.1|-17974.4 -8200.3|-17249.2 -9524.5|-19822.2 -10934.1|-18822.7 -12757.4|-21465.7 -14205.8
B00136,265302061,yes,1300.0,0.0,tag:height,14362.7,-4291.9,13606.3,-3720.0,4457.3,3288.0,119.01,659.07,12,13249.3 -6466.2|13019.4 -6046.5|13790.1 -5620.9|12756.2 -3747.8|14606.3 -2720.1|14700.7 -2473.5|13987.7 -1185.7|13721.2 -1108.0|13966.6 -979.6|16076.6 -4784.8|13454.7 -6231.5|13504.7 -6321.8
B00137,265302071,yes,6140.0,0.0,tag:height,-1249.4,3349.4,-1156.5,3700.6,8130.6,6249.9,299.01,4575.56,9,-192.1 5141.3|1179.4 5901.4|3548.0 1661.1|-1917.8 -1369.8|-5656.8 5371.9|-5488.0 5947.0|-1506.9 8154.5|-1119.3 7454.4|-1391.4 7303.3
B00138,265302072,yes,4600.0,0.0,tag:height,8670.6,-14293.9,8938.4,-14293.4,5981.0,1890.9,29.02,936.45,8,5864.7 -14917.2|11095.0 -12017.1|11778.0 -13247.5|9705.8 -14396.9|9520.4 -14063.3|8713.1 -14510.9|9132.8 -15266.7|6782.0 -16570.7
B00139,265302076,library,1200.0,0.0,estimate:default,17934.2,10672.4,17867.6,10864.4,11382.3,8670.0,209.1,9191.31,20,23143.9 12923.9|24840.6 9867.7|23885.6 9329.8|23918.9 9271.5|23017.2 8770.7|22980.6 8829.8|16365.3 5180.9|16413.1 5093.9|15506.9 4590.6|15469.2 4660.7|14969.4 4368.5|11098.3 11341.5|14704.1 13360.6|14406.5 13899.4|16833.0 15249.7|17152.8 14688.9|20995.1 16820.3|22584.2 13949.1|22645.3 13982.8|23204.9 12957.6
B00140,265302078,yes,4740.0,0.0,tag:height,-9040.3,-17693.0,-9040.3,-17693.0,3060.1,2680.4,298.51,820.17,4,-10948.1 -16988.3|-8592.8 -15708.8|-7132.5 -18397.7|-9487.8 -19677.2
B00141,265302083,yes,6170.0,0.0,tag:height,-6212.8,-6587.8,-6211.6,-6588.7,2840.4,2707.4,299.02,768.13,4,-8084.4 -6003.6|-5716.8 -4690.4|-4342.0 -7169.0|-6706.2 -8487.3
B00142,265302086,yes,2320.0,0.0,tag:height,2835.3,-16080.8,2835.4,-16080.5,2680.2,1262.8,28.97,338.23,4,1357.2 -16177.3|3702.5 -14880.1|4313.3 -15983.8|1969.1 -17281.9
B00143,265302087,yes,5220.0,0.0,tag:height,18636.5,-11278.7,18635.5,-11278.4,3020.7,1805.8,118.95,544.91,4,17117.2 -10392.2|18695.2 -9520.7|20156.6 -12163.0|18576.4 -13037.1
B00144,265302089,yes,4640.0,0.0,tag:height,-3560.7,-4392.4,-3560.9,-4392.4,2556.3,1489.1,28.95,380.54,4,-5039.4 -4360.2|-2802.9 -3122.1|-2082.2 -4425.2|-4318.7 -5662.4
B00145,265302090,yes,1200.0,0.0,estimate:default,15461.4,-13031.0,15460.9,-13031.6,3020.7,3004.7,118.89,907.16,4,13415.9 -12435.1|16046.7 -10983.4|17505.9 -13628.3|14877.4 -15078.3
B00146,265302091,yes,6420.0,0.0,tag:height,-211.9,-17398.4,-211.9,-17398.4,3124.4,2621.5,299.08,818.94,4,-2116.4 -16670.5|174.5 -15396.1|1692.6 -18126.4|-598.3 -19400.8
B00147,265302098,yes,2660.0,0.0,tag:height,11725.7,-6542.7,11725.7,-6542.7,2751.3,1339.1,208.91,367.78,4,13249.3 -6466.2|10845.1 -7793.8|10202.1 -6619.1|12606.3 -5291.6
B00148,265302101,yes,4930.0,0.0,tag:height,-7477.8,-13532.6,-7478.0,-13532.5,2570.5,1550.8,28.5,398.5,4,-8977.1 -13464.9|-6718.4 -12237.8|-5978.8 -13600.8|-8237.5 -14827.1
B00149,265302103,yes,4340.0,0.0,tag:height,11127.6,-5421.9,11108.6,-5423.6,2749.8,1216.8,28.91,329.31,5,12606.3 -5291.6|10202.1 -6619.1|9732.4 -5775.5|9942.2 -5372.7|12014.4 -4229.2
B00150,265302111,yes,2050.0,0.0,tag:height,11991.6,-15624.4,11991.4,-15624.2,1919.7,1831.8,29.0,351.52,4,10708.6 -15288.7|12386.6 -14358.0|13275.0 -15960.0|11595.9 -16890.6
B00151,265302116,yes,4900.0,0.0,tag:height,4009.4,-8836.6,4012.0,-8837.3,2666.5,1231.4,29.03,327.03,4,2547.5 -8945.8|4879.5 -7652.8|5471.4 -8722.0|3145.0 -10022.5
B00152,265302122,yes,1600.0,0.0,tag:height,1552.7,-21529.2,1556.1,-21517.5,1708.0,1681.3,209.08,283.76,6,1817.1 -20613.4|1980.3 -20523.0|2711.0 -21837.1|1218.6 -22666.4|401.2 -21197.8|1731.5 -20458.0
B00153,265302141,yes,7130.0,0.0,tag:height,-5202.1,-17889.5,-5204.7,-17888.8,3217.1,2599.8,118.52,834.71,4,-7106.9 -17097.1|-4830.5 -15854.8|-3294.6 -18681.3|-5578.8 -19922.8
B00154,265302149,yes,5190.0,0.0,tag:height,-6822.5,-14839.5,-6821.8,-14841.8,2666.5,1376.7,208.52,365.36,4,-8321.9 -14873.5|-5978.8 -13600.8|-5325.8 -14802.5|-7657.8 -16079.5
B00155,265302157,yes,4630.0,0.0,tag:height,-61.1,-10802.8,-74.3,-10844.1,2702.3,1888.2,208.96,492.98,6,-1713.4 -10672.0|650.8 -9363.8|1564.8 -11015.7|-18.8 -11892.3|-112.1 -11723.4|-892.7 -12155.8
B00156,265302158,yes,7640.0,0.0,tag:height,7368.3,-8321.0,7361.2,-8340.7,2964.7,2942.1,209.0,862.31,6,5351.5 -7772.7|7944.5 -6335.4|9370.4 -8907.7|6927.3 -10263.1|6649.7 -9761.5|6499.8 -9844.3
B00157,265302163,yes,6500.0,0.0,tag:height,2672.5,-6407.8,2672.3,-6407.8,2728.8,1961.0,209.0,534.97,4,1003.9 -6212.2|3390.3 -4888.8|4340.9 -6604.0|1954.5 -7926.5
B00158,265302164,yes,7090.0,0.0,tag:height,4882.3,-10110.3,4882.3,-10110.3,2959.8,1848.2,209.19,545.9,4,6619.7 -10198.1|4041.2 -11638.9|3145.0 -10022.5|5723.5 -8581.8
B00159,265302177,apartments,1300.0,0.0,tag:height,-3811.8,-23346.9,-4030.4,-23288.3,5957.4,3516.2,28.51,1887.16,8,-4607.1 -21600.8|-2239.6 -20345.0|-573.8 -23411.3|-5808.5 -26254.9|-7142.3 -23800.0|-4797.0 -22526.4|-5052.4 -22056.0|-4541.6 -21779.0
B00160,265424275,hotel,8690.0,0.0,tag:height,5490.4,20445.3,5459.5,20428.1,1625.8,1566.5,28.48,242.7,8,4523.3 20811.0|5800.4 21504.2|6546.6 20126.9|5267.3 19432.7|5097.4 19746.0|4948.6 19665.8|4532.2 20432.6|4684.3 20514.5
B00161,265424278,yes,4630.0,0.0,tag:height,-13275.8,12708.7,-13275.8,12708.7,2879.6,1565.8,209.01,450.73,4,-14913.8 12695.7|-12396.3 14091.6|-11637.8 12721.8|-14155.3 11325.8
B00162,265424279,yes,2850.0,0.0,tag:height,-16570.6,12006.6,-16570.5,12006.8,2595.3,752.3,209.03,194.96,4,-17887.7 11705.9|-15617.8 12964.2|-15253.6 12308.0|-17521.2 11048.9
B00163,265424282,yes,5240.0,0.0,tag:height,-13850.1,14161.3,-13850.2,14161.4,2475.8,1531.6,28.99,379.06,4,-15303.5 14231.0|-13139.2 15431.0|-12396.3 14091.6|-14561.8 12891.6
B00164,265424283,yes,1310.0,0.0,tag:height,-6892.6,16686.3,-6892.6,16686.3,3597.1,812.0,28.85,292.05,4,-8663.9 16174.1|-5513.4 17909.5|-5121.4 17198.4|-8271.9 15463.0
B00165,265424291,yes,1860.0,0.0,tag:height,-18226.0,15018.2,-18221.1,15014.4,2763.8,1057.2,119.01,290.67,5,-18428.4 16478.3|-17175.8 14216.7|-17213.6 13992.9|-18013.1 13549.5|-19353.5 15966.6
B00166,265424315,yes,2070.0,0.0,tag:height,-4672.7,14442.2,-4672.7,14442.0,1872.6,794.4,208.85,148.67,4,-5684.5 14338.1|-4044.3 15241.7|-3661.1 14545.8|-5301.4 13643.0
B00167,265424322,yes,2120.0,0.0,tag:height,-5335.7,10760.7,-5339.8,10763.4,2579.3,700.3,118.92,178.83,4,-5659.0 12060.4|-4409.7 9803.9|-5022.7 9465.2|-6259.7 11728.6
B00168,265424325,yes,2440.0,0.0,tag:height,-4916.6,11484.0,-4916.6,11484.0,3334.9,739.8,118.96,246.72,4,-5400.2 13122.0|-3785.6 10204.2|-4433.0 9846.1|-6047.6 12763.9
B00169,265424328,yes,3100.0,0.0,tag:height,-4110.9,11569.3,-4110.9,11569.3,2923.2,753.8,298.94,220.35,4,-4488.5 13030.8|-3073.8 10472.7|-3733.4 10107.9|-5148.1 12665.9
B00170,265424331,yes,1200.0,0.0,estimate:default,126.6,14227.0,129.3,14266.4,3370.9,2550.3,118.94,839.26,6,140.1 15795.6|599.8 16050.6|2057.9 13414.0|-170.9 12174.4|-1796.6 15121.7|-30.9 16103.8
B00171,265424344,yes,1220.0,0.0,tag:height,5183.5,21575.2,5183.5,21575.2,2829.3,712.8,208.49,201.66,4,3770.4 21213.8|6256.9 22563.2|6596.6 21936.6|4110.2 20587.2
B00172,265424350,yes,2630.0,0.0,tag:height,8279.8,22023.7,8279.6,22023.7,3007.3,625.9,28.49,188.15,4,6809.8 21581.9|9451.7 23015.8|9750.5 22466.0|7107.4 21031.3
B00173,265424356,commercial,4710.0,0.0,tag:height,-16068.4,10916.7,-16068.7,10916.7,2423.0,1643.6,29.07,397.24,4,-17521.2 11048.9|-15409.1 12223.6|-14615.1 10784.5|-16728.4 9609.8
B00174,265424368,commercial,2000.0,0.0,estimate:type=commercial,15122.9,22846.6,15086.6,22730.6,3771.0,1947.6,119.63,655.83,7,15008.7 24837.2|16865.3 21573.2|15533.8 20834.3|14784.3 22150.0|14408.9 21952.4|13539.5 23490.3|13702.7 24112.6
B00175,265424370,yes,1200.0,0.0,estimate:default,9594.5,19914.1,9513.6,19918.3,4252.8,3219.2,118.48,1250.96,10,10283.5 21481.3|10436.7 21564.9|11942.5 18816.9|9112.9 17281.7|8338.9 18708.9|8943.0 19037.4|8306.7 20208.7|7726.0 19892.9|7107.4 21031.3|9750.5 22466.0
B00176,265424373,yes,4650.0,0.0,tag:height,-6902.2,14245.8,-6928.3,14291.9,5969.7,1119.7,28.85,585.44,12,-6145.3 15362.5|-4583.9 16222.2|-4044.3 15241.7|-9272.5 12361.1|-9807.7 13333.2|-8209.7 14213.1|-7996.5 13825.5|-7530.1 14082.2|-7635.6 14272.2|-6544.0 14872.7|-6430.7 14668.3|-5918.8 14950.3
B00177,265424380,yes,1200.0,0.0,estimate:default,-7486.3,15292.5,-7464.6,15265.8,5969.7,1124.7,208.85,597.86,12,-10349.6 14318.7|-5121.4 17198.4|-4583.9 16222.2|-6257.5 15300.8|-6537.3 15807.5|-7029.2 15536.5|-6749.4 15028.1|-7544.5 14589.8|-7829.9 15108.3|-8377.4 14807.7|-8087.6 14280.7|-9807.7 13333.2
B00178,265424381,yes,1200.0,0.0,estimate:default,13841.0,23419.3,14925.5,23378.0,6001.1,5036.9,209.1,1496.61,12,11240.8 24200.5|16322.5 27037.8|16947.7 25914.7|13702.7 24112.6|13539.5 23490.3|14408.9 21952.4|14784.3 22150.0|15533.8 20834.3|13788.1 19864.9|13368.4 20005.9|12013.6 22444.8|12189.1 22541.9
B00179,265424383,yes,3700.0,0.0,tag:height,7174.9,18061.5,7005.1,18256.6,3725.6,2775.2,118.49,844.88,14,7771.5 19753.6|9112.9 17281.7|7193.9 16239.6|7141.7 16335.9|7024.0 16271.7|6783.1 16285.2|6624.3 16360.4|6497.7 16515.8|6399.9 16462.6|5355.0 18392.3|6406.7 18991.9|5962.5 19810.2|6778.7 20252.7|7212.9 19450.4
B00180,265424408,yes,1200.0,0.0,estimate:default,-9517.3,18991.6,-9517.2,18991.4,5983.1,4481.9,208.93,2674.92,4,-5827.6 18471.1|-11051.4 15583.0|-13206.8 19512.6|-7983.0 22399.8
B00181,265424412,yes,5630.0,0.0,tag:height,-14329.1,15206.8,-14329.1,15206.8,1973.4,762.1,28.98,150.34,4,-15376.8 15062.0|-13651.1 16018.0|-13281.3 15351.6|-15007.0 14395.7
B00182,265424415,yes,4450.0,0.0,tag:height,-13844.8,6736.7,-13844.4,6736.7,3854.9,2253.8,299.0,868.52,4,-13895.6 4504.7|-15764.5 7876.0|-13793.4 8968.8|-11925.5 5596.6
B00183,265424423,yes,4100.0,0.0,tag:height,-6832.1,10366.2,-6831.1,10366.8,3328.8,2302.6,298.96,765.25,4,-6629.5 12380.5|-5022.7 9465.2|-7032.7 8353.1|-8642.9 11263.3
B00184,265424428,yes,6870.0,0.0,tag:height,-4005.5,22136.7,-4004.5,22136.4,4340.3,2975.0,298.87,1290.11,4,-3749.7 24755.0|-1657.7 20953.0|-4258.5 19518.3|-6355.0 23318.6
B00185,265424438,yes,1200.0,0.0,estimate:default,-679.8,19325.2,-679.6,19325.1,6082.5,2210.8,208.88,1344.48,4,-3876.5 18824.1|1449.5 21761.9|2516.6 19826.3|-2808.2 16888.4
B00186,265424440,yes,4350.0,0.0,tag:height,-8690.3,16246.3,-8087.3,16393.4,5972.3,1449.9,208.94,574.09,6,-11051.4 15583.0|-5827.6 18471.1|-5513.4 17909.5|-8663.9 16174.1|-8271.9 15463.0|-10349.6 14318.7
B00187,265424442,yes,5980.0,0.0,tag:height,-17380.7,15774.4,-17380.7,15774.4,2551.4,1151.6,119.0,293.79,4,-17495.6 17169.1|-16258.5 14937.9|-17265.8 14379.7|-18502.8 16610.9
B00188,265424447,yes,4270.0,0.0,tag:height,-17890.8,4706.3,-18081.3,4755.7,4771.6,3689.0,118.94,1602.53,6,-18540.8 1775.2|-19872.2 4182.9|-19190.4 4559.6|-20167.6 6327.2|-17622.3 7735.8|-15312.6 3560.5
B00189,265424453,yes,4600.0,0.0,tag:height,-3395.2,12535.2,-3426.2,12561.0,3705.3,1405.8,118.95,508.36,6,-4757.2 13942.0|-3706.7 14520.4|-1914.4 11280.1|-3143.7 10600.2|-4651.7 13324.6|-4470.7 13424.3
B00190,265424462,yes,4670.0,0.0,tag:height,-1161.8,21055.4,-1639.9,20936.7,5957.6,1539.4,28.88,694.69,6,-2017.4 21607.5|597.8 23047.3|1339.6 21701.1|-3876.5 18824.1|-4258.5 19518.3|-1657.7 20953.0
B00191,265424464,yes,6500.0,0.0,tag:height,-15484.7,16716.9,-15510.6,16628.6,2948.0,2870.3,209.0,799.3,6,-16421.8 15232.6|-17495.6 17169.1|-14917.0 18598.0|-13525.6 16088.1|-15480.1 15004.6|-15798.8 15578.0
B00192,265424467,yes,3100.0,0.0,tag:height,1975.4,16665.6,1158.7,15992.9,6081.6,5400.9,208.89,2023.95,8,-2808.2 16888.4|2516.6 19826.3|5125.1 15097.1|2057.9 13414.0|599.8 16050.6|956.3 16247.4|181.2 17652.6|-2434.0 16210.3
B00193,265424473,yes,5650.0,0.0,tag:height,-17655.0,13605.4,-17686.4,14434.5,4577.7,2997.8,119.0,701.35,6,-19421.2 16089.9|-17953.2 13439.7|-16016.5 14513.1|-15265.8 13159.3|-17887.7 11705.9|-20106.4 15709.9
B00194,265875646,yes,1200.0,0.0,estimate:default,-18191.5,21584.1,-18206.8,21598.7,3793.0,2992.7,118.87,1122.07,8,-20167.3 22683.1|-17916.3 23924.5|-17777.5 23654.2|-17665.3 23715.9|-15980.8 20660.4|-18601.6 19215.4|-20286.1 22271.8|-20020.7 22417.9
B00195,265932612,yes,1200.0,0.0,estimate:default,4777.3,8337.5,5241.6,8525.3,6046.8,5375.0,209.44,2578.58,17,8010.0 9768.3|8733.0 8490.5|6075.5 7022.0|6537.5 6170.7|3910.1 4733.4|1310.4 9392.5|5191.6 11583.1|5346.0 11305.3|5541.4 11415.1|6223.3 10336.6|6620.8 9770.8|6768.5 9855.3|6875.1 9666.9|6940.6 9704.1|7043.9 9520.8|7122.8 9565.6|7251.6 9335.9
B00196,283346493,hotel,3000.0,0.0,estimate:type=hotel,13648.7,-3693.6,13604.8,-3717.2,4463.6,3288.0,119.01,1385.8,8,13966.6 -979.6|16076.6 -4784.8|13454.7 -6231.5|13504.7 -6321.8|13249.3 -6466.2|11977.8 -4164.2|12208.8 -4049.3|11317.0 -2433.8
B00197,283346494,yes,10300.0,0.0,tag:height,13511.2,-2278.8,13513.8,-2274.7,1841.2,1307.1,298.91,238.31,6,13739.0 -1330.9|14445.3 -2609.5|14458.6 -2804.5|13385.9 -3394.8|12499.7 -1790.3|13544.7 -1205.9
B00198,283346495,yes,2600.0,0.0,tag:height,14165.4,-4489.0,13853.9,-4635.4,2832.5,2616.8,208.99,525.3,8,15675.7 -5005.3|13454.7 -6231.5|13504.7 -6321.8|13249.3 -6466.2|13019.4 -6046.5|13790.1 -5620.9|12756.2 -3747.8|14458.6 -2804.5
B00199,283346496,yes,1700.0,0.0,tag:height,14346.7,-4340.8,13589.1,-3732.6,4449.6,3248.5,119.05,639.47,11,16042.2 -4804.3|13454.7 -6231.5|13504.7 -6321.8|13249.3 -6466.2|13019.4 -6046.5|13790.1 -5620.9|12756.2 -3747.8|14606.3 -2720.1|14700.7 -2473.5|13894.5 -1018.5|13928.9 -999.0
B00200,283346499,yes,8000.0,0.0,tag:height,14133.2,-1950.0,14133.6,-1950.5,1272.3,98.7,298.97,12.51,4,13868.9 -1370.6|14484.1 -2482.8|14398.6 -2530.9|13782.3 -1417.9
B00201,283346501,yes,6800.0,0.0,tag:height,12438.3,-2861.5,12442.5,-2863.5,1849.9,315.4,299.21,57.28,4,12132.1 -1985.4|13021.6 -3596.7|12756.2 -3747.8|11853.4 -2133.2
B00202,283346502,yes,2660.0,2600.0,tag:height,15054.9,-3907.5,15056.6,-3910.8,2514.9,24.2,118.94,6.03,4,15675.7 -5005.3|15654.6 -5016.2|14437.5 -2816.4|14458.6 -2804.5
B00203,283346503,yes,8000.0,0.0,tag:height,12898.4,-2616.6,12898.4,-2616.6,1273.0,98.1,298.97,12.48,4,12633.0 -2036.1|13249.3 -3149.1|13163.8 -3197.2|12547.4 -2084.2
B00204,283346507,yes,2500.0,0.0,tag:height,12035.2,-3093.2,12032.1,-3093.0,1849.9,625.0,119.21,114.54,4,11853.4 -2133.2|12756.2 -3747.8|12208.8 -4049.3|11317.0 -2433.8
B00205,283346508,yes,1400.0,1300.0,tag:height,14991.1,-2869.4,15004.1,-2891.3,4352.7,42.4,299.05,17.83,4,16076.6 -4784.8|16042.2 -4804.3|13928.9 -999.0|13966.6 -979.6
B00206,283346509,yes,1800.0,1700.0,tag:height,14980.0,-2933.9,14967.0,-2912.0,4352.7,42.4,119.05,17.83,4,16042.2 -4804.3|16004.4 -4823.7|13894.5 -1018.5|13928.9 -999.0
B00207,283346510,yes,6800.0,0.0,tag:height,14259.9,-1876.9,14259.8,-1876.9,1473.0,193.5,118.97,28.46,4,13987.7 -1185.7|14700.7 -2473.5|14531.9 -2568.1|13819.0 -1279.4
B00208,283346511,yes,7000.0,0.0,tag:height,12715.8,-2716.1,12715.1,-2715.0,1841.0,316.0,118.89,58.02,4,12412.0 -1838.5|13298.1 -3444.7|13021.6 -3596.7|12132.1 -1985.4
B00209,283353761,yes,1450.0,0.0,tag:height,11563.1,-22382.4,11720.7,-22093.6,3207.4,3004.1,29.19,643.42,12,13847.1 -22626.3|11053.1 -24187.0|9600.5 -21565.8|10627.7 -20992.3|11479.5 -22528.4|12525.6 -21944.0|11670.4 -20401.2|12387.8 -20000.9|12684.3 -20530.4|12259.0 -20767.7|13311.8 -22662.7|13736.0 -22425.4
B00210,283353763,yes,1400.0,0.0,tag:height,13074.4,-19764.9,13074.6,-19764.4,1429.6,258.4,29.24,36.81,4,13761.5 -19527.9|12515.5 -20225.5|12387.8 -20000.9|13634.9 -19304.1
B00211,283353765,yes,1450.0,0.0,tag:height,15023.9,-20164.8,14928.4,-20301.2,3007.1,1291.7,299.08,281.61,8,15095.2 -21928.8|14984.2 -21730.3|15409.5 -21491.3|14358.9 -19598.8|13932.5 -19837.0|13634.9 -19304.1|14762.0 -18673.3|16219.0 -21300.4
B00212,283403896,yes,13200.0,0.0,tag:height,3850.9,-18380.2,3768.7,-18350.9,3626.8,2145.9,298.97,717.18,14,5383.9 -19054.4|5313.9 -19094.1|5511.6 -19451.3|3871.5 -20366.8|3686.0 -20031.5|3581.6 -20089.8|3377.3 -19719.9|3318.4 -19752.8|2475.5 -18230.2|2535.5 -18197.3|2326.7 -17819.8|2855.3 -17525.0|2543.2 -16961.8|3829.2 -16244.8
B00213,283403897,yes,14100.0,0.0,tag:height,3722.2,-18177.3,3722.6,-18177.4,1595.5,736.0,298.97,117.19,4,3658.2 -17301.2|4428.9 -18695.5|3787.0 -19053.6|3015.2 -17659.3
B00214,283403899,yes,4500.0,0.0,tag:height,4867.7,-20259.8,4865.6,-20263.0,2078.5,236.1,209.13,48.29,4,5716.0 -19654.0|5823.7 -19864.2|4014.7 -20865.0|3900.3 -20665.7
B00215,283403901,yes,6500.0,0.0,tag:height,4706.4,-20012.4,4642.1,-19860.0,2080.3,685.4,29.13,65.2,8,3581.6 -20089.8|3686.0 -20031.5|3871.5 -20366.8|5511.6 -19451.3|5313.9 -19094.1|5383.9 -19054.4|5716.0 -19654.0|3900.3 -20665.7
B00216,286248792,yes,6000.0,0.0,tag:height,1395.7,20482.6,1163.0,20343.6,2210.3,1198.0,298.76,128.99,12,1118.5 19181.2|1416.1 19345.0|1443.9 19294.3|1724.8 19449.7|718.8 21281.4|437.8 21126.1|460.0 21085.5|162.4 20921.7|106.9 21023.0|1156.3 21600.7|2211.2 19658.3|1169.6 19086.6
B00217,286248793,yes,14500.0,0.0,tag:height,-828.2,19243.3,-828.2,19243.3,3250.5,2021.7,208.87,655.82,4,106.9 20913.3|1077.4 19139.8|-1763.3 17573.3|-2733.8 19346.8
B00218,286248794,yes,5500.0,0.0,tag:height,-3049.2,18015.2,-3049.7,18015.8,2212.6,219.2,118.74,48.42,4,-2421.8 17098.7|-2613.9 16993.1|-3676.6 18932.2|-3485.6 19038.6
B00219,286248795,yes,17000.0,0.0,tag:height,-828.4,19243.3,-828.7,19243.3,3050.1,1821.7,28.87,554.51,4,66.9 20777.3|941.9 19179.5|-1724.4 17709.3|-2598.3 19307.1
B00220,286248796,yes,8500.0,0.0,tag:height,789.3,20133.3,789.3,20133.3,1986.1,339.7,298.78,67.46,4,1118.5 19181.2|162.4 20921.7|460.0 21085.5|1416.1 19345.0
B00221,286248797,yes,8500.0,0.0,tag:height,-2342.4,18406.4,-2342.4,18406.4,2212.0,120.5,298.75,26.65,4,-1757.7 17466.0|-1863.2 17407.8|-2927.0 19346.8|-2821.5 19405.1
B00222,286248798,yes,18900.0,0.0,tag:height,-828.3,19243.1,-828.7,19243.3,2649.1,1422.1,28.86,375.94,4,-11.9 20505.4|671.0 19258.0|-1645.5 17981.2|-2327.3 19227.7
B00223,286248800,yes,6500.0,0.0,tag:height,-2674.4,18222.8,-2674.4,18222.7,2214.0,638.4,118.75,141.17,4,-1863.2 17407.8|-2421.8 17098.7|-3485.6 19038.6|-2927.0 19346.8
B00224,286248801,yes,17900.0,0.0,tag:height,-828.5,19243.1,-828.2,19243.3,2770.4,1541.8,28.88,426.34,4,12.5 20587.3|752.1 19234.4|-1668.9 17899.3|-2409.5 19251.3
B00225,286248802,yes,5000.0,0.0,tag:height,-3246.4,17914.1,-3245.2,17908.6,2212.4,227.2,118.73,49.52,4,-2613.9 16993.1|-2808.2 16888.4|-3876.5 18824.1|-3676.6 18932.2
B00226,286248803,yes,5000.0,0.0,tag:height,1837.0,20705.2,1831.1,20710.5,2210.3,348.6,118.82,75.5,4,2211.2 19658.3|1156.3 21600.7|1449.5 21761.9|2516.6 19826.3
B00227,286248805,yes,7000.0,0.0,tag:height,1081.3,20287.9,1081.3,20287.9,2090.8,321.1,298.78,67.1,4,437.8 21126.1|718.8 21281.4|1724.8 19449.7|1443.9 19294.3
B00228,286248807,yes,14000.0,0.0,tag:height,-826.0,19245.0,-825.4,19244.5,3352.3,2211.6,208.92,739.51,4,106.9 21023.0|1169.6 19086.6|-1757.7 17466.0|-2821.5 19405.1
B00229,286260799,yes,18800.0,0.0,tag:height,-6712.8,10291.2,-6712.8,10291.2,1789.9,1374.9,208.92,245.61,4,-6262.0 11325.7|-5600.1 10120.6|-7163.7 9256.7|-7825.6 10461.8
B00230,286260800,yes,13300.0,0.0,tag:height,-6453.6,11571.7,-6478.1,11511.0,582.6,531.6,28.41,16.41,9,-6262.0 11325.7|-6343.0 11480.3|-6586.2 11522.5|-6760.6 11428.8|-6859.4 11603.6|-6594.0 11750.5|-6537.4 11655.9|-6297.5 11789.4|-6096.5 11415.2
B00231,286260802,yes,13300.0,0.0,tag:height,-6170.7,9306.4,-6169.8,9307.3,1015.0,216.4,28.97,21.81,4,-6666.2 9156.2|-5781.2 9644.3|-5673.4 9458.5|-6559.6 8967.9
B00232,286260803,yes,8500.0,0.0,tag:height,-7325.5,11403.7,-7326.4,11402.9,1013.9,100.7,208.94,10.14,4,-6859.4 11603.6|-7744.5 11115.5|-7794.5 11201.6|-6907.2 11692.2
B00233,286260804,yes,16000.0,0.0,tag:height,-6069.3,11169.8,-6069.3,11169.5,459.1,188.1,118.68,8.6,4,-6262.0 11325.7|-6096.5 11415.2|-5876.6 11013.2|-6042.1 10924.6
B00234,286260807,yes,16000.0,0.0,tag:height,-5628.6,10367.1,-5629.0,10367.6,461.8,187.9,118.68,8.62,4,-5655.7 10612.1|-5435.8 10210.1|-5600.1 10120.6|-5822.2 10525.1
B00235,286260808,yes,8500.0,0.0,tag:height,-6091.8,9169.6,-6091.9,9169.7,1015.3,100.3,28.95,10.15,4,-5673.4 9458.5|-5623.5 9371.5|-6511.9 8880.0|-6559.6 8967.9
B00236,286260811,yes,5000.0,0.0,tag:height,-7679.5,9755.4,-7680.0,9756.1,1371.7,100.1,118.9,13.68,4,-7392.5 9131.7|-8054.3 10331.8|-7967.7 10380.7|-7304.8 9179.8
B00237,286260812,yes,11500.0,0.0,tag:height,-7566.4,9821.6,-7566.3,9819.9,1374.9,163.6,118.77,22.26,4,-7304.8 9179.8|-7967.7 10380.7|-7825.6 10461.8|-7163.7 9256.7
B00238,286260813,yes,13300.0,0.0,tag:height,-7253.1,11271.5,-7252.5,11272.1,1012.7,201.8,28.93,20.36,4,-6760.6 11428.8|-7646.8 10939.0|-7744.5 11115.5|-6859.4 11603.6
B00239,286260814,yes,18000.0,0.0,tag:height,-5711.9,9888.2,-5689.2,9883.2,391.0,330.5,208.75,11.32,5,-5600.1 10120.6|-5513.5 9969.4|-5607.9 9742.3|-5781.2 9644.3|-5938.8 9934.8
B00240,286260815,yes,18000.0,0.0,tag:height,-6908.6,9228.0,-6917.3,9206.2,390.2,331.4,209.07,11.31,5,-7163.7 9256.7|-6827.2 9445.8|-6666.2 9156.2|-6840.6 9062.4|-7082.7 9102.1
B00241,286260816,yes,18000.0,0.0,tag:height,-6518.3,11355.9,-6509.6,11377.3,391.1,331.1,28.66,11.37,5,-6262.0 11325.7|-6601.8 11138.2|-6760.6 11428.8|-6586.2 11522.5|-6343.0 11480.3
B00242,286260817,yes,18000.0,0.0,tag:height,-7714.9,10694.5,-7737.9,10699.4,391.4,331.1,28.94,11.32,5,-7825.6 10461.8|-7913.3 10612.1|-7818.9 10840.1|-7646.8 10939.0|-7488.0 10648.4
B00243,286260818,yes,8500.0,0.0,tag:height,-7002.3,8834.7,-6952.6,9005.0,653.3,645.3,208.75,11.98,6,-7304.8 9179.8|-7043.8 8701.0|-6559.6 8967.9|-6511.9 8880.0|-7083.8 8565.0|-7392.5 9131.7
B00244,286260819,yes,8500.0,0.0,tag:height,-8092.1,10815.8,-7923.5,10767.2,650.3,635.6,208.93,11.79,6,-7967.7 10380.7|-8054.3 10331.8|-8359.7 10889.1|-7794.5 11201.6|-7744.5 11115.5|-8224.2 10850.3
B00245,286260820,yes,13300.0,0.0,tag:height,-6948.4,8978.8,-6931.6,9072.7,552.8,545.3,28.59,18.66,7,-7163.7 9256.7|-7082.7 9102.1|-6840.6 9062.4|-6666.2 9156.2|-6559.6 8967.9|-7043.8 8701.0|-7304.8 9179.8
B00246,286260821,yes,13300.0,0.0,tag:height,-7945.3,10783.4,-7856.0,10748.1,550.9,535.0,208.93,17.96,7,-7646.8 10939.0|-7818.9 10840.1|-7913.3 10612.1|-7825.6 10461.8|-7967.7 10380.7|-8224.2 10850.3|-7744.5 11115.5
B00247,286260822,yes,18600.0,0.0,tag:height,-6713.8,10292.3,-6713.4,10292.5,2036.7,1012.5,298.81,205.88,4,-5781.2 9644.3|-6666.2 9156.2|-7646.8 10939.0|-6760.6 11428.8
B00248,286260823,yes,13300.0,0.0,tag:height,-5495.1,9819.0,-5556.7,9834.1,576.7,543.1,29.06,16.86,9,-5600.1 10120.6|-5435.8 10210.1|-5228.1 9830.9|-5466.9 9699.2|-5413.6 9602.9|-5673.4 9458.5|-5781.2 9644.3|-5607.9 9742.3|-5513.5 9969.4
B00249,286407294,yes,5200.0,0.0,tag:height,-9369.5,18761.5,-9368.4,18760.4,5123.5,3939.0,208.85,2011.31,4,-8075.2 21721.7|-6188.5 18271.0|-10661.7 15799.2|-12550.5 19255.8
B00250,286407295,yes,8600.0,0.0,tag:height,-7973.5,18271.6,-7973.1,18271.4,1706.9,829.6,298.47,141.36,4,-8743.8 18822.5|-8015.3 19219.4|-7203.5 17720.4|-7930.9 17323.5
B00251,286407296,yes,8600.0,0.0,tag:height,-9800.4,17255.5,-9800.4,17255.5,1706.8,829.6,298.44,141.42,4,-10570.5 17806.6|-9842.1 18203.5|-9030.3 16704.5|-9758.8 16307.6
B00252,286407297,yes,9100.0,0.0,tag:height,-9309.3,18543.9,-9309.6,18543.8,1260.3,927.4,208.85,116.58,4,-8536.1 18440.8|-9637.7 17833.6|-10081.9 18647.7|-8981.4 19254.0
B00253,286407298,yes,6400.0,0.0,tag:height,-9268.4,18465.8,-9269.6,18467.4,4050.7,3324.2,28.92,1343.61,4,-8300.6 20901.7|-6697.2 17989.8|-10238.6 16033.1|-11839.8 18936.6
B00254,286407299,yes,7600.0,0.0,tag:height,-9138.6,18220.1,-9138.0,18219.1,2931.8,2750.0,208.84,802.01,4,-8517.2 20130.6|-7203.5 17720.4|-9758.8 16307.6|-11073.6 18722.9
B00255,286407300,yes,4000.0,0.0,tag:height,-9964.7,19689.0,-9517.2,18991.4,5983.1,4481.9,208.93,663.59,8,-10661.7 15799.2|-11051.4 15583.0|-13206.8 19512.6|-7983.0 22399.8|-5827.6 18471.1|-6188.5 18271.0|-8075.2 21721.7|-12550.5 19255.8
B00256,289747639,yes,11000.0,0.0,tag:height,71.4,14589.1,196.3,14633.1,2794.9,2082.3,298.9,481.84,10,1085.1 15177.4|316.6 14750.1|757.5 13951.2|1524.8 14378.5|1779.1 13918.2|-39.9 12906.5|-1388.0 15348.9|-30.9 16103.8|140.1 15795.6|599.8 16050.6
B00257,289747640,yes,12350.0,0.0,tag:height,920.9,14564.3,921.3,14564.3,915.3,879.3,298.89,80.16,4,757.5 13951.2|316.6 14750.1|1085.1 15177.4|1524.8 14378.5
B00258,289747641,yes,3300.0,0.0,tag:height,-6.2,13501.5,130.5,14264.7,3367.1,2550.3,118.94,277.47,6,1779.1 13918.2|2057.9 13414.0|-170.9 12174.4|-1796.6 15121.7|-1388.0 15348.9|-39.9 12906.5
B00259,289755406,yes,10200.0,0.0,tag:height,8121.0,18700.6,8138.2,18706.9,1197.3,210.8,298.49,20.04,7,8412.2 18176.9|8331.1 18130.4|7761.5 19180.1|7839.2 19225.7|7910.3 19174.2|8169.0 18871.0|8347.8 18486.8
B00260,289755407,yes,10200.0,0.0,tag:height,6536.5,17816.8,6520.3,17810.6,1205.0,209.1,118.53,20.13,7,6243.4 18345.8|6324.5 18389.7|6899.7 17331.6|6823.1 17289.3|6608.7 17487.0|6487.7 17651.6|6308.9 18035.0
B00261,289755408,yes,10200.0,0.0,tag:height,6880.6,19077.2,6876.3,19092.3,1036.9,249.8,28.63,22.42,6,7310.6 19378.6|7390.6 19230.8|6481.1 18734.3|6402.2 18880.4|6549.9 19024.8|6886.4 19240.1
B00262,289755409,yes,9700.0,0.0,tag:height,6600.3,19606.6,6611.1,19587.9,1009.1,928.5,298.46,89.16,6,6778.7 20252.7|7250.6 19363.4|6886.4 19240.1|6714.3 19145.5|6448.9 18926.0|5962.5 19810.2
B00263,289755410,yes,10500.0,0.0,tag:height,7328.9,18259.2,7328.9,18259.2,1651.3,1639.4,298.52,269.92,4,8441.1 17929.4|7003.0 17142.4|6216.8 18589.0|7654.9 19376.1
B00264,289755411,yes,11300.0,0.0,tag:height,7753.1,18490.7,7719.8,18473.2,1347.3,449.9,118.5,40.36,4,8239.0 17988.5|7629.3 18168.4|7416.1 18561.1|7596.0 19172.5
B00265,289755412,yes,11300.0,0.0,tag:height,6904.2,18026.1,6937.6,18043.3,1347.3,448.9,298.5,40.27,4,7061.8 17344.2|6418.9 18528.2|7027.4 18348.3|7240.6 17955.6
B00266,289755413,yes,11300.0,0.0,tag:height,7096.6,18685.8,7115.5,18653.0,1341.9,450.0,208.69,40.16,4,6418.9 18528.2|7596.0 19172.5|7416.1 18561.1|7027.4 18348.3
B00267,289755414,yes,11460.0,11300.0,tag:height,7328.5,18258.2,7328.9,18258.0,548.7,542.8,298.56,29.7,4,7697.0 18148.2|7221.7 17887.2|6959.7 18368.6|7436.1 18628.7
B00268,289755415,yes,11300.0,0.0,tag:height,7560.8,17831.0,7542.2,17864.0,1341.9,450.5,28.69,40.21,4,7061.8 17344.2|7240.6 17955.6|7629.3 18168.4|8239.0 17988.5
B00269,289755416,yes,9700.0,0.0,tag:height,7049.4,17083.1,7059.8,17143.9,521.5,482.8,28.58,18.46,6,6899.7 17331.6|7003.0 17142.4|7276.1 17291.9|7403.8 17057.1|6946.3 16807.1|6715.3 17231.1
B00270,289755417,yes,10200.0,0.0,tag:height,7781.8,17443.4,7786.8,17428.5,1028.4,250.2,208.67,22.27,6,7357.2 17142.4|7276.1 17291.9|8177.9 17785.0|8255.6 17639.8|8119.0 17501.3|7783.6 17284.3
B00271,289755418,yes,9700.0,0.0,tag:height,8465.8,17872.1,8407.2,17895.7,510.4,484.8,208.74,17.75,6,8331.1 18130.4|8514.4 18230.9|8745.3 17807.0|8300.0 17560.4|8177.9 17785.0|8441.1 17929.4
B00272,289755419,yes,9700.0,0.0,tag:height,7599.7,19437.2,7575.0,19363.4,568.7,500.7,28.74,19.25,8,7761.5 19180.1|7654.9 19376.1|7390.6 19230.8|7310.6 19378.6|7250.6 19363.4|7212.9 19450.4|7704.8 19716.4|7944.7 19280.6
B00273,289755420,yes,9700.0,0.0,tag:height,6198.6,18658.6,6277.5,18641.1,578.4,484.1,209.42,18.37,8,6324.5 18389.7|6143.5 18290.1|5912.5 18713.2|6406.7 18991.9|6448.9 18926.0|6402.2 18880.4|6481.1 18734.3|6216.8 18589.0
B00274,290531565,yes,3000.0,0.0,tag:height,-10832.6,2644.2,-10832.3,2644.2,826.2,150.2,209.01,12.37,4,-11157.1 2378.2|-11229.3 2509.9|-10507.5 2910.2|-10435.3 2779.3
B00275,290531567,yes,3000.0,0.0,tag:height,-8668.2,3845.5,-8668.5,3845.5,883.4,150.2,29.02,13.23,4,-9018.3 3565.5|-9090.5 3696.4|-8318.7 4125.4|-8246.5 3993.7
B00276,290531568,yes,5000.0,0.0,tag:height,-7118.3,3049.7,-7117.7,3049.1,2250.7,277.8,298.73,62.38,4,-7536.9 4102.6|-6456.4 2129.9|-6698.5 1995.6|-7780.1 3968.4
B00277,290531571,yes,3500.0,0.0,tag:height,-5379.2,1037.9,-5379.2,1037.9,599.9,464.1,299.99,27.74,4,-5029.4 896.0|-5430.3 662.1|-5729.0 1179.8|-5328.1 1413.7
B00278,290531573,yes,3500.0,0.0,tag:height,-9767.1,3235.8,-9766.8,3235.8,870.3,150.2,208.99,13.03,4,-9422.5 3512.3|-9350.3 3381.4|-10111.0 2959.2|-10183.2 3090.9
B00279,290531576,yes,11300.0,0.0,tag:height,-7534.7,1967.3,-7534.7,1967.3,3455.4,282.5,298.72,97.61,4,-8488.6 3414.4|-8240.9 3550.3|-6580.8 520.2|-6828.4 384.3
B00280,290531577,yes,3000.0,0.0,tag:height,-6089.4,2632.8,-6089.4,2632.8,908.8,149.3,298.98,13.55,4,-6374.2 2992.9|-6244.3 3066.4|-5804.5 2272.6|-5934.5 2199.1
B00281,290531578,yes,10300.0,0.0,tag:height,-7210.8,2618.7,-7211.0,2618.8,2913.9,299.6,118.74,87.22,4,-8042.2 3823.9|-7780.1 3968.4|-6379.8 1414.6|-6641.8 1269.3
B00282,290531580,yes,10300.0,0.0,tag:height,-10797.3,1348.3,-10797.3,1348.3,1664.0,293.1,298.7,48.74,4,-11068.3 2148.4|-10269.8 690.0|-10526.3 548.1|-11324.8 2006.6
B00283,290531581,yes,5000.0,0.0,tag:height,-11113.1,1323.1,-11118.8,1327.6,1388.6,302.0,118.93,40.77,4,-11324.8 2006.6|-10650.7 793.0|-10915.0 646.9|-11574.6 1868.9
B00284,290531583,yes,11300.0,0.0,tag:height,-9778.1,728.5,-9777.9,728.4,3455.3,282.9,298.72,97.67,4,-10484.1 2311.4|-8824.0 -718.7|-9071.6 -854.6|-10731.8 2174.6
B00285,290531584,yes,4000.0,0.0,tag:height,-7935.7,1836.3,-8678.0,1394.8,5879.0,4429.2,208.98,650.96,44,-5430.3 662.1|-8696.3 -1139.2|-8905.0 -763.4|-6313.1 668.0|-6641.8 1269.3|-6379.8 1414.6|-6698.5 1995.6|-6456.4 2129.9|-7536.9 4102.6|-9388.1 3079.9|-9319.2 2955.0|-9643.5 2775.9|-9710.1 2898.4|-11574.6 1868.9|-10993.9 788.8|-11535.8 488.1|-11804.5 972.9|-11670.1 1049.7|-12125.4 1841.0|-11514.7 2179.7|-11586.9 2311.4|-11229.3 2509.9|-11157.1 2378.2|-10435.3 2779.3|-10507.5 2910.2|-10183.2 3090.9|-10111.0 2959.2|-9350.3 3381.4|-9422.5 3512.3|-9090.5 3696.4|-9018.3 3565.5|-8246.5 3993.7|-8318.7 4125.4|-7982.2 4311.2|-7910.0 4180.3|-7232.6 4556.1|-6843.9 3840.0|-6711.8 3911.8|-6244.3 3066.4|-6374.2 2992.9|-5934.5 2199.1|-5804.5 2272.6|-5328.1 1413.7|-5729.0 1179.8
B00286,290531585,yes,3500.0,0.0,tag:height,-7274.8,4359.4,-7348.9,4115.1,966.3,924.9,118.56,26.07,6,-6711.8 3911.8|-6843.9 3840.0|-7232.6 4556.1|-7910.0 4180.3|-7982.2 4311.2|-7173.8 4760.5
B00287,290531586,yes,3500.0,0.0,tag:height,-11939.2,1711.2,-11696.1,1641.9,1064.9,840.7,299.02,26.15,6,-11804.5 972.9|-12322.0 1903.5|-11586.9 2311.4|-11514.7 2179.7|-12125.4 1841.0|-11670.1 1049.7
B00288,290531587,yes,10700.0,0.0,tag:height,-7410.5,2273.5,-7600.2,2013.9,3599.6,964.2,118.72,119.47,6,-6580.8 520.2|-8240.9 3550.3|-8817.3 3231.9|-8886.1 3357.8|-8042.2 3823.9|-6313.1 668.0
B00289,290531588,yes,10700.0,0.0,tag:height,-10101.0,782.5,-9776.8,808.6,3598.0,978.1,298.71,120.09,6,-9071.6 -854.6|-9341.4 -1004.1|-11068.3 2148.4|-10212.1 2621.4|-10145.4 2498.9|-10731.8 2174.6
B00290,290531589,yes,11920.0,0.0,tag:height,-8656.3,1347.8,-8656.3,1347.8,3463.5,2280.0,298.72,787.78,4,-8488.6 3414.4|-6828.4 384.3|-8824.0 -718.7|-10484.1 2311.4
B00291,290669511,yes,6700.0,0.0,tag:height,-18120.9,21485.3,-18120.5,21485.3,1707.4,1183.9,298.9,201.89,4,-17191.2 21025.2|-18226.2 20451.8|-19051.3 21946.7|-18014.0 22517.5
B00292,290669512,yes,6000.0,0.0,tag:height,-16972.8,20959.7,-16973.1,20959.5,325.8,322.9,118.89,10.45,4,-16910.3 21179.8|-16753.7 20896.0|-17035.8 20738.9|-17191.2 21025.2
B00293,290669518,yes,5800.0,0.0,tag:height,-18121.2,21485.5,-18121.2,21485.5,2013.5,1483.7,298.86,298.01,4,-16988.0 20966.1|-18285.1 20245.8|-19254.5 22004.9|-17957.4 22725.3
B00294,290669521,yes,4500.0,0.0,tag:height,-17555.8,20423.5,-17559.7,20424.9,2992.7,1112.2,28.87,331.0,4,-18601.6 19215.4|-19132.4 20179.1|-16518.2 21634.1|-15980.8 20660.4
B00295,290669524,yes,5200.0,0.0,tag:height,-18137.2,21481.9,-18136.0,21475.6,3411.0,1586.8,119.02,538.37,4,-18269.4 23351.9|-16614.9 20369.0|-18011.9 19623.3|-19655.3 22579.2
B00296,290669529,yes,5000.0,0.0,tag:height,-16674.7,20871.7,-16676.0,20871.3,933.4,927.8,74.21,71.87,8,-17066.8 21188.2|-16735.9 21372.3|-16359.4 21266.7|-16176.2 20934.0|-16284.0 20553.1|-16614.9 20369.0|-16991.3 20480.5|-17174.6 20813.2
B00297,291100168,yes,4600.0,0.0,tag:height,13297.9,22268.4,13308.6,22473.6,5028.9,2295.1,299.09,952.1,9,15533.8 20834.3|13788.1 19864.9|13368.4 20005.9|12013.6 22444.8|12189.1 22541.9|11240.8 24200.5|12681.1 25001.9|14408.9 21952.4|14784.3 22150.0
B00298,291100169,yes,5700.0,1500.0,tag:height,13280.6,22548.7,13358.4,22722.6,4653.7,1932.0,299.42,744.1,6,15342.8 21170.4|13651.5 20236.4|11374.0 24274.9|12681.1 25001.9|14408.9 21952.4|14784.3 22150.0
B00299,291100170,yes,6250.0,5700.0,tag:height,13421.1,22243.1,13452.4,22275.9,2944.6,1172.0,299.04,314.29,8,14210.2 21544.5|14434.5 21140.9|13654.9 20704.3|12226.9 23275.8|13006.5 23712.4|13312.9 23160.9|13556.1 23296.0|14453.4 21680.5
B00300,292055454,yes,2200.0,0.0,tag:height,16199.8,13421.7,16318.1,13171.1,4327.6,3142.7,28.88,868.78,12,17789.1 13639.2|15121.7 12167.3|15709.1 11077.1|15168.3 10775.6|13970.1 12947.7|14704.1 13360.6|14406.5 13899.4|16833.0 15249.7|17152.8 14688.9|17750.2 15022.5|18971.7 12840.3|18395.4 12527.9
B00301,292055455,yes,2200.0,0.0,tag:height,17483.5,11660.3,17975.3,10607.0,11312.1,7990.6,29.04,4675.59,9,20671.9 13759.9|13683.5 9948.1|16365.3 5180.9|14969.4 4368.5|11098.3 11341.5|14704.1 13360.6|20995.1 16820.3|24840.6 9867.7|23282.6 8997.0
B00302,292055456,yes,2400.0,0.0,tag:height,13595.1,11002.1,13595.7,11003.7,2543.7,1412.9,28.45,358.16,4,15050.6 10988.4|12814.0 9776.6|12145.5 11021.4|14369.9 12224.8
B00303,292055457,yes,3500.0,0.0,tag:height,17698.3,10635.3,17699.1,10631.6,5185.2,3054.4,118.79,1577.18,4,17789.1 13639.2|20274.3 9116.2|17609.1 7624.0|15121.7 12167.3
B00304,292055458,yes,3500.0,0.0,tag:height,18953.3,8347.4,18961.7,8338.8,9713.8,3069.8,208.88,2957.44,5,22473.1 12028.7|23935.6 9357.6|16365.3 5180.9|15450.3 4648.9|13972.2 7339.4
B00305,292055802,yes,2900.0,0.0,tag:height,15955.1,4890.9,15936.1,4885.8,1037.0,99.2,29.05,9.27,4,16413.1 5093.9|15506.9 4590.6|15469.2 4660.7|16365.3 5180.9
B00306,292055803,yes,2400.0,0.0,tag:height,16143.9,13408.3,16143.9,13408.3,4028.7,1111.5,208.88,447.31,4,18172.2 13892.6|14648.6 11948.6|14115.6 12924.0|17639.2 14868.0
B00307,292055806,yes,1500.0,0.0,tag:height,15285.0,9450.4,15283.6,9450.9,2434.0,2319.0,118.95,563.16,4,16887.3 8947.3|14857.3 7827.5|13683.5 9948.1|15709.1 11077.1
B00308,292743602,yes,8000.0,0.0,tag:height,-14889.1,-16531.9,-14909.7,-16537.5,2783.4,1970.5,208.73,540.2,4,-13215.8 -16732.4|-15656.6 -18070.2|-16530.6 -16302.6|-14163.1 -15004.6
B00309,292840083,hotel,5000.0,0.0,tag:height,-13992.3,-18311.5,-13990.8,-18313.4,1683.2,1008.7,209.06,168.07,4,-13023.6 -18353.1|-14473.9 -19153.7|-14971.4 -18281.3|-13500.0 -17463.8
B00310,292840084,hotel,5100.0,0.0,tag:height,-12220.2,-21504.8,-12216.2,-21503.5,1800.3,1368.3,28.71,244.99,4,-11755.4 -20471.1|-11113.5 -21679.6|-12677.0 -22535.9|-13333.4 -21336.7
B00311,292840085,hotel,8140.0,0.0,tag:height,-13261.2,-19521.0,-13261.2,-19521.0,1820.7,1773.4,298.74,321.96,4,-13601.0 -20745.6|-14473.9 -19153.7|-12921.4 -18296.5|-12048.6 -19888.4
B00312,292840086,yes,8000.0,0.0,tag:height,-13357.8,-19574.2,-13357.8,-19574.2,1820.3,1552.8,298.74,281.91,4,-12241.8 -19994.8|-13601.0 -20745.6|-14473.9 -19153.7|-13114.7 -18402.9
B00313,292840087,yes,5500.0,5100.0,tag:height,-12367.7,-21587.5,-12367.1,-21586.2,1456.0,1368.2,28.7,198.74,4,-11400.0 -21836.6|-12677.0 -22535.9|-13333.4 -21336.7|-12061.9 -20639.1
B00314,292840088,yes,500.0,0.0,tag:height,-12581.6,-19145.6,-12581.6,-19145.6,1815.9,220.6,298.74,40.05,4,-13114.7 -18402.9|-12921.4 -18296.5|-12048.6 -19888.4|-12241.8 -19994.8
B00315,302577379,yes,8530.0,0.0,tag:height,15702.5,-12423.4,15558.4,-12549.5,2367.9,2271.1,28.88,447.71,8,17137.2 -12975.5|15488.2 -13885.0|14669.7 -12391.1|14545.3 -12459.5|14440.9 -12268.7|14142.2 -12433.4|13974.5 -12126.8|16046.7 -10983.4
B00316,302577380,yes,9000.0,8530.0,tag:height,15250.7,-12755.0,15251.0,-12755.1,1200.8,669.6,298.73,80.21,4,14669.7 -12391.1|15256.0 -12067.7|15831.3 -13119.1|15246.1 -13442.5
B00317,302577381,yes,7300.0,0.0,tag:height,15330.5,-13587.8,15526.1,-12759.7,2625.7,2610.1,28.93,67.74,6,13745.8 -12252.7|13856.8 -12191.9|15052.8 -14356.3|17231.6 -13131.7|17300.5 -13255.8|15008.4 -14537.0
B00318,302577382,yes,6700.0,0.0,tag:height,15302.8,-13726.1,15504.1,-12849.9,2751.3,2747.2,208.95,71.08,6,13745.8 -12252.7|15008.4 -14537.0|17300.5 -13255.8|17369.3 -13380.0|14965.1 -14717.7|13635.8 -12313.5
B00319,302577383,yes,5800.0,0.0,tag:height,15239.8,-13999.7,15460.9,-13031.7,3023.2,3001.9,298.94,78.07,6,13415.9 -12435.1|13525.9 -12374.3|14920.7 -14897.6|17437.1 -13504.1|17505.9 -13628.3|14877.4 -15078.3
B00320,302577384,yes,6100.0,0.0,tag:height,15267.9,-13861.8,15482.3,-12939.9,2883.2,2877.2,298.93,74.4,6,13525.9 -12374.3|13635.8 -12313.5|14965.1 -14717.7|17369.3 -13380.0|17437.1 -13504.1|14920.7 -14897.6
B00321,302577385,yes,8850.0,8530.0,tag:height,16350.5,-12078.6,16345.8,-12141.0,1324.4,587.4,118.7,67.0,6,16920.7 -12579.4|16547.5 -12785.5|16228.8 -12202.8|16087.8 -12281.3|15771.3 -11702.9|16285.4 -11419.1
B00322,302577386,yes,7900.0,0.0,tag:height,15545.5,-12666.5,15549.1,-12670.1,2501.2,2472.9,208.89,615.84,4,16046.7 -10983.4|17231.6 -13131.7|15052.8 -14356.3|13856.8 -12191.9
B00323,302584629,yes,7470.0,0.0,tag:height,-3618.1,-23457.8,-4126.9,-23282.5,5289.3,3412.6,28.46,1281.49,14,-5638.6 -26043.0|-6487.1 -24468.8|-5897.4 -24147.9|-5988.5 -23979.0|-4481.6 -23160.6|-4409.4 -23293.2|-3646.5 -22878.5|-4095.2 -22045.0|-3763.1 -21864.3|-4063.0 -21306.9|-2753.7 -20600.0|-2569.4 -20895.6|-2448.3 -20829.7|-994.6 -23525.3
B00324,302760460,yes,6200.0,0.0,tag:height,9904.7,19786.5,9033.0,19977.7,3686.0,2437.1,118.51,144.63,6,10979.7 18947.0|8841.9 17776.6|8734.2 17975.0|10644.3 19020.5|8996.4 22053.9|9224.1 22178.9
B00325,302760461,yes,4600.0,0.0,tag:height,10581.5,18596.9,10248.0,18553.7,3219.1,1183.2,29.01,198.02,10,9642.6 17560.4|9112.9 17281.7|8841.9 17776.6|10979.7 18947.0|10692.1 19476.5|11369.5 19847.2|11942.5 18816.9|11220.6 18416.6|11130.7 18583.8|9552.7 17727.6
B00326,302760462,yes,7100.0,0.0,tag:height,8373.5,20351.5,8866.3,20015.0,3480.8,2155.7,297.94,301.78,12,8734.2 17975.0|8338.9 18708.9|8943.0 19037.4|8306.7 20208.7|7726.0 19892.9|7107.4 21031.3|8996.4 22053.9|9345.1 21412.9|8235.7 20805.8|9246.2 18961.4|9075.2 18867.6|9370.6 18322.9
B00327,302760463,yes,5500.0,0.0,tag:height,10335.6,20395.7,10335.6,20395.7,1955.8,250.9,298.5,49.03,4,10911.9 19597.2|10692.1 19476.5|9759.3 21194.2|9979.2 21315.0
B00328,302760464,yes,9350.0,0.0,tag:height,9441.3,19913.7,9441.7,19913.5,2567.8,1103.1,298.58,282.77,4,10537.7 19052.6|9571.6 18522.2|8344.5 20774.5|9311.8 21304.8
B00329,302760465,yes,3700.0,0.0,tag:height,10386.6,18072.1,10386.6,18072.1,1796.1,189.9,208.49,34.09,4,9552.7 17727.6|11130.7 18583.8|11220.6 18416.6|9642.6 17560.4
B00330,302760466,yes,1500.0,0.0,tag:height,10674.3,20581.1,10674.3,20581.1,1956.0,521.4,298.5,101.91,4,11369.5 19847.2|10911.9 19597.2|9979.2 21315.0|10436.7 21564.9
B00331,302760468,yes,8650.0,0.0,tag:height,9436.8,19872.2,9357.8,19867.9,2727.6,1452.2,118.5,355.11,6,10644.3 19020.5|9370.6 18322.9|9075.2 18867.6|9246.2 18961.4|8235.7 20805.8|9345.1 21412.9
B00332,302864526,yes,12200.0,0.0,tag:height,6814.9,9762.4,6761.3,9866.7,3857.1,815.3,140.17,87.49,24,8442.0 8995.5|8379.8 8796.2|8179.9 8679.7|6434.2 9608.7|5497.0 11144.8|5541.4 11415.1|6223.3 10336.6|6620.8 9770.8|6768.5 9855.3|6875.1 9666.9|6940.6 9704.1|7043.9 9520.8|7122.8 9565.6|7251.6 9335.9|7357.1 9395.8|7451.5 9227.8|7560.3 9289.4|7639.1 9148.4|7749.1 9211.7|7829.0 9069.9|7947.8 9137.4|8034.5 8983.7|8149.9 9048.7|8243.2 8882.4
B00333,317099481,yes,13700.0,0.0,tag:height,19854.9,-17925.6,19910.2,-17851.3,4547.2,2336.6,209.41,1016.46,9,21691.4 -16381.2|22459.9 -17755.1|18503.3 -19985.5|17362.7 -17946.1|20645.3 -16095.8|20780.8 -16280.7|21006.2 -16410.8|21261.6 -16460.6|21479.3 -16453.0
B00334,372083672,yes,1200.0,0.0,estimate:default,9451.2,4031.6,9450.8,4031.6,3153.8,3060.1,118.7,962.03,4,10035.5 6149.6|11545.8 3391.5|8866.2 1913.6|7357.0 4671.7
B00335,451854723,yes,11000.0,0.0,tag:height,9324.9,4497.6,9324.8,4497.8,2840.0,2206.5,28.87,625.06,4,11094.9 4214.0|8614.1 2845.9|7554.7 4780.7|10035.5 6149.6
B00336,451854724,yes,2000.0,0.0,tag:height,9685.4,3166.7,9452.2,4027.8,3144.5,3060.1,118.73,336.89,6,11094.9 4214.0|11545.8 3391.5|8866.2 1913.6|7357.0 4671.7|7554.7 4780.7|8614.1 2845.9
B00337,702073637,yes,1200.0,0.0,estimate:default,15767.1,1170.2,15766.8,1170.0,800.7,616.4,209.1,49.16,4,15966.6 1634.1|16264.3 1094.5|15566.9 706.0|15270.4 1246.5
B00338,702073638,yes,1200.0,0.0,estimate:default,11403.7,9500.4,11400.9,9501.8,3511.2,1255.5,119.02,438.91,4,11098.3 11341.5|12799.6 8274.3|11703.5 7662.1|10010.0 10729.3
B00339,702073639,yes,1200.0,0.0,estimate:default,13550.2,5628.9,13551.0,5626.0,3616.2,1259.8,299.03,452.71,4,14969.4 4368.5|13877.8 3739.4|12128.8 6904.5|13222.7 7511.7
B00340,702073799,service,1200.0,0.0,estimate:default,17517.3,4888.3,17623.7,4836.8,3543.6,1759.0,29.15,528.31,14,18751.8 6451.8|19279.3 5499.3|19041.6 5366.7|19182.6 5110.0|18639.6 4806.8|18715.1 4670.0|17027.2 3730.1|17123.8 3551.1|16710.7 3322.2|16610.7 3498.7|16405.3 3383.8|15697.9 4652.3|16446.4 5096.5|16415.3 5169.9
B00341,3565283,yes,2000.0,0.0,tag:height,8016.7,-17380.9,8016.2,-17380.8,2614.4,1469.3,119.02,383.94,4,6740.9 -16593.5|8024.6 -15881.5|9292.8 -18167.6|8008.0 -18880.3
B00342,3566904,yes,4660.0,0.0,tag:height,-12340.4,9166.5,-12767.7,8612.4,6092.8,5961.0,119.0,2683.89,8,-14155.3 11325.8|-11637.8 12721.8|-8684.0 7392.9|-11925.5 5596.6|-13793.4 8968.8|-15764.5 7876.0|-16728.4 9609.8|-14033.2 11105.4
