Name,OsmId,Class,RoadName,WidthCm,LengthCm,Layer,NumPoints,Points
R00000,5671181,secondary,West 37th Street,1000.0,4183.0,0,2,-971.4 -20854.2|1110.9 -24482.1
R00001,5672155,residential,East 40th Street,800.0,15440.2,0,3,6716.4 14158.0|-398.2 26922.8|-719.1 27684.5
R00002,36806906,residential,West 39th Street,800.0,46396.4,0,3,-207.6 10339.2|14301.1 -15683.8|22457.0 -30144.5
R00003,46522006,secondary,West 36th Street,1000.0,22865.6,0,2,-5747.4 -28105.3|-16840.6 -8110.8
R00004,226041001,residential,East 39th Street,800.0,9805.3,0,2,-7696.4 23842.2|-2912.7 15283.0
R00005,226041022,residential,West 40th Street,800.0,31043.0,0,2,21749.1 -13002.4|6716.4 14158.0
R00006,384649120,secondary,6th Avenue,1000.0,34979.2,0,5,-8892.2 -29870.4|-5747.4 -28105.3|1110.9 -24482.1|14185.6 -17143.9|21749.1 -13002.4
R00007,420496529,secondary,5th Avenue,1000.0,7773.0,0,2,-13975.5 2745.5|-20791.7 -990.6
R00008,420499931,secondary,East 37th Street,1000.0,15496.2,0,2,-21493.4 16296.0|-13975.5 2745.5
R00009,420904660,secondary,West 37th Street,1000.0,23803.2,0,2,-13975.5 2745.5|-2490.6 -18103.7
R00010,438385431,secondary,5th Avenue,1000.0,31380.4,0,2,13502.7 17900.6|-13975.5 2745.5
R00011,477873431,pedestrian,,500.0,13073.9,0,13,-8696.3 -1139.2|-10608.5 -2160.3|-12666.3 1701.7|-12322.0 1903.5|-11535.8 488.1|-10993.9 788.8|-10915.0 646.9|-10650.7 793.0|-10526.3 548.1|-10269.8 690.0|-9341.4 -1004.1|-8905.0 -763.4|-8696.3 -1139.2
R00012,483236728,residential,East 38th Street,800.0,15483.8,0,2,-7110.4 6532.3|-14622.7 20071.7
R00013,511699185,secondary,5th Avenue,1000.0,8507.4,0,2,20883.1 22132.1|13502.7 17900.6
R00014,542257009,residential,West 38th Street,800.0,44479.3,0,3,14289.4 -32459.5|8603.3 -21818.3|-7110.4 6532.3
R00015,618613774,service,,500.0,912.5,0,2,-3754.6 -1399.3|-2941.7 -984.7
R00016,618613775,service,,500.0,924.4,0,2,5330.5 -15914.5|4534.3 -16384.1
R00017,618613778,service,,500.0,920.8,0,2,-5168.2 1135.9|-4339.8 1537.8
R00018,618613780,service,,500.0,703.4,0,2,-2051.1 -1142.6|-2653.0 -1506.6
R00019,678234027,service,,500.0,1037.7,0,2,-16840.6 -8110.8|-17748.9 -8612.4
R00020,702073781,pedestrian,,500.0,56683.6,0,11,21180.5 -10782.3|8087.8 13099.8|8556.5 13358.2|9793.5 11116.0|10146.6 11311.1|10331.0 10973.3|10048.9 10816.2|9963.4 10963.2|9887.9 10785.0|21654.7 -10512.9|21180.5 -10782.3
R00021,702073782,pedestrian,,500.0,31179.3,0,20,21127.4 20306.3|19590.4 19452.6|19637.1 19361.4|19433.9 19385.0|13800.3 16232.7|12896.3 15798.7|9836.9 14066.7|9839.1 13965.4|9728.0 13869.1|9660.3 13968.7|8087.8 13099.8|8040.1 13186.8|7907.9 13522.0|7915.7 13710.4|8215.5 14044.8|20175.7 20660.2|20538.8 20800.4|20730.9 20780.9|20964.1 20584.2|21127.4 20306.3
R00022,702073785,pedestrian,,500.0,27092.1,0,33,16514.3 15856.0|10729.7 12636.1|10676.4 12731.5|10758.5 12774.6|10627.5 13021.2|10885.2 13163.9|10737.5 13432.5|10472.1 13288.9|10339.9 13532.1|10238.9 13475.5|10214.4 13536.3|10299.9 13722.1|13488.2 15495.5|13654.8 15194.0|13869.1 15313.9|13621.5 15759.8|14744.2 16391.5|15979.1 17072.1|16226.7 16624.5|16439.9 16746.1|16281.1 17035.8|19537.1 18839.5|19687.0 18814.2|19733.7 18742.4|19613.7 18673.1|19755.9 18421.5|19508.2 18283.0|19647.0 18028.8|19902.4 18165.6|20036.8 17913.1|20120.1 17960.4|20161.2 17886.1|16514.3 15856.0
R00023,702073786,pedestrian,,500.0,2358.5,0,6,10361.0 12701.1|10050.1 13335.4|10339.9 13530.4|10758.5 12774.6|10417.6 12650.5|10361.0 12701.1
R00024,702073787,pedestrian,,500.0,18645.5,0,32,16514.3 15856.0|16593.1 15714.2|17133.9 16006.3|17453.8 15934.5|17513.7 15727.6|17382.7 15575.6|17684.7 15003.1|21011.8 16872.7|20340.0 18078.6|20120.1 17960.4|20161.2 17886.1|20296.7 17962.1|20403.3 17769.5|20031.2 17562.6|20333.3 17015.4|20712.0 17225.7|20819.7 17034.8|19336.1 16209.0|19115.1 16604.2|19306.1 16710.6|19419.3 16506.2|20142.3 16908.2|19839.1 17456.2|19547.1 17293.3|19441.6 17485.8|19302.8 17409.0|19409.4 17216.4|19117.3 17053.4|19229.5 16849.1|19038.5 16742.7|18819.7 17139.6|16514.3 15856.0
R00025,702073788,pedestrian,,500.0,18126.8,0,32,10457.6 12606.6|10676.4 12731.5|10729.7 12636.1|10592.0 12560.1|10697.5 12367.6|11070.6 12574.5|11372.6 12027.2|10994.0 11816.1|11098.3 11623.6|12582.0 12449.4|12365.4 12847.2|12174.4 12740.8|12286.6 12536.4|11564.8 12133.6|11261.6 12681.7|11553.7 12843.8|11447.1 13036.4|11585.9 13113.2|11692.5 12920.7|11984.5 13083.7|12097.8 12879.3|12288.8 12985.7|12070.0 13382.6|14158.9 14545.4|14242.2 14395.1|13812.4 14154.4|13700.3 13889.3|13853.5 13685.8|14024.5 13723.8|14329.9 13169.8|11128.3 11391.3|10457.6 12606.6
R00026,702073792,pedestrian,,500.0,9113.0,0,10,16421.0 17627.8|16602.0 17290.8|16258.9 17103.3|16143.4 17318.7|14682.0 16511.4|13337.2 15761.5|13452.7 15543.6|13163.9 15383.2|12986.3 15717.6|16421.0 17627.8
R00027,702073793,pedestrian,,500.0,18459.0,0,24,16151.0 3374.6|16324.2 3470.8|15677.9 4629.5|15498.0 4534.9|15442.5 4612.6|13892.3 3713.2|14593.0 2506.4|15902.2 3235.2|16013.3 3034.2|14704.0 2305.4|14661.8 2230.3|15063.8 1498.1|18838.4 3550.2|18923.9 3394.8|19168.2 3530.8|19082.7 3686.2|19196.0 3748.6|18749.5 4557.7|17106.0 3643.1|17162.7 3535.9|16698.5 3279.1|16640.7 3383.8|16263.2 3172.7|16151.0 3374.6
R00028,702073794,pedestrian,,500.0,4341.0,0,5,13222.7 7511.7|12799.6 8274.3|11625.8 7618.1|12128.8 6904.5|13222.7 7511.7
R00029,702073804,pedestrian,,500.0,9823.4,0,19,19469.1 3187.9|18193.2 2478.6|17892.2 3023.2|17647.9 2887.3|17948.9 2342.6|17002.7 1815.6|16701.8 2361.2|16458.6 2226.9|16758.4 1680.5|16537.4 1552.2|16607.4 1423.8|16687.4 1470.2|16729.6 1400.2|17182.6 1648.4|17146.0 1712.6|17229.3 1759.1|17270.4 1689.8|19586.9 2981.9|19469.1 3187.9
R00030,702073805,pedestrian,,500.0,49459.2,0,63,21874.5 -9488.6|22719.6 -9732.6|25905.6 -7959.2|25553.6 -7321.6|25945.6 -7103.7|26067.7 -7325.8|26263.2 -7216.9|26370.9 -7411.1|26175.4 -7520.0|26297.6 -7741.3|26647.4 -7551.3|26801.7 -7846.8|22834.0 -10023.9|22892.8 -10129.5|22785.1 -10195.4|22651.9 -9971.6|21735.7 -9706.4|21003.9 -8381.5|20671.8 -8527.5|20593.0 -8384.8|20495.3 -8206.6|20788.4 -7993.0|19556.9 -5761.9|19250.4 -5882.7|18589.6 -4685.2|18852.8 -4487.6|16589.6 -389.3|16202.1 -575.9|16053.3 -305.7|16414.2 -73.5|16323.1 91.2|16207.6 30.4|15801.2 790.4|16104.3 965.2|16612.9 37.2|17352.5 449.3|17526.9 132.6|16788.4 -278.7|17901.1 -2294.5|18640.7 -1883.2|18855.0 -2271.7|18115.4 -2682.9|18956.1 -4206.4|19695.7 -3794.2|19903.3 -4170.9|19669.0 -4301.8|19777.9 -4497.7|19506.9 -4648.9|19399.2 -4452.1|19164.9 -4583.0|19656.8 -5473.1|19891.1 -5343.0|19782.3 -5146.3|20053.3 -4995.9|20161.0 -5192.7|20396.4 -5061.8|20610.7 -5450.3|19871.2 -5861.5|20987.2 -7882.4|21726.8 -7471.1|21941.1 -7859.6|21201.5 -8270.8|21874.5 -9488.6
R00031,702073806,pedestrian,,500.0,49180.8,0,75,17739.0 663.8|18443.0 1056.4|18326.4 1265.9|18475.2 1348.6|18760.6 819.1|17913.3 347.9|19027.2 -1668.7|19874.5 -1196.6|20088.8 -1585.1|19241.5 -2056.3|20782.9 -4846.5|21630.2 -4375.2|21843.4 -4763.7|20996.1 -5234.9|22112.1 -7256.6|24719.6 -5791.4|24928.3 -6188.3|22896.1 -7324.1|22975.0 -7469.4|22623.0 -7667.0|22544.1 -7523.4|22327.6 -7644.2|22797.3 -8494.6|25371.4 -7047.1|25553.6 -7321.6|22950.6 -8771.6|23302.6 -9408.3|22916.2 -9623.7|22228.8 -8380.6|22104.4 -8449.8|21933.4 -8138.2|22056.6 -8069.0|21606.9 -7254.1|21482.5 -7323.3|21287.0 -6968.6|21413.6 -6897.7|21292.6 -6682.4|21166.0 -6751.6|20941.7 -6346.3|21066.0 -6275.3|20946.1 -6059.1|20821.7 -6128.4|20605.2 -5736.5|20729.6 -5666.5|20287.6 -4865.0|19548.0 -5277.2|19272.6 -4778.9|20012.2 -4367.6|19571.3 -3566.2|19446.9 -3636.3|19209.3 -3209.0|19333.7 -3138.9|19208.2 -2910.9|19082.7 -2981.0|18856.1 -2568.9|18980.5 -2499.7|18521.9 -1667.0|18396.4 -1736.3|18203.2 -1382.4|18328.7 -1311.5|18207.6 -1096.1|18083.2 -1166.2|17858.9 -759.2|17982.2 -690.8|17863.4 -474.6|17737.9 -543.8|17522.4 -152.9|17646.8 -83.6|17042.7 1008.3|16958.3 961.0|16765.1 1310.6|17321.4 1620.6|17514.7 1270.9|17430.3 1223.7|17739.0 663.8
R00032,702132138,pedestrian,,500.0,9230.3,0,19,11053.9 11393.9|10918.4 11654.0|10746.3 11557.7|10644.2 11742.6|10816.3 11838.9|10527.6 12362.5|10354.3 12267.1|10195.5 12553.4|10315.5 12620.1|9974.6 13241.6|9853.5 13174.1|9613.6 13608.1|9809.1 13716.2|9660.3 13968.7|8675.3 13424.1|8811.9 13161.4|9110.6 13327.8|10359.9 10994.4|11053.9 11393.9
R00033,858965315,residential,East 38th Street,800.0,14664.9,0,2,-14622.7 20071.7|-21732.7 32897.7
R00034,1036712190,secondary,West 37th Street,1000.0,3142.2,0,2,-2490.6 -18103.7|-971.4 -20854.2
R00035,1115300941,pedestrian,Fifth Avenue Tower Urban Plaza,500.0,9158.8,0,7,-2434.0 16210.3|181.2 17652.6|956.3 16247.4|140.1 15795.6|-30.9 16103.8|-1796.6 15121.7|-2434.0 16210.3
R00036,1150636501,residential,East 39th Street,800.0,5635.5,0,2,-2912.7 15283.0|-207.6 10339.2
R00037,1316295724,residential,East 41st Street,800.0,21755.0,0,3,13502.7 17900.6|6001.8 31427.1|3033.7 36970.5
R00038,1529537887,secondary,West 36th Street,1000.0,8143.0,0,2,-16840.6 -8110.8|-20791.7 -990.6
R00039,1530333337,secondary,Madison Avenue,1000.0,7886.1,0,2,-14622.7 20071.7|-7696.4 23842.2
R00040,1530333338,secondary,Madison Avenue,1000.0,7839.8,0,2,-21493.4 16296.0|-14622.7 20071.7
